Workbook

Sheet rodada 1
B1: Parafusos | E1: Arruelas | H1: Alfinete | K1: Porta Agulhas | N1: Allis | Q1: Anatomica
A2: filename | B2: VP | C2: FP | D2: FN | E2: VP | F2: FP | G2: FN | H2: VP | I2: FP | J2: FN | K2: VP | L2: FP | M2: FN | N2: VP | O2: FP | P2: FN | Q2: VP | R2: FP | S2: FN
A3: Max_Chaos_Rodada_1_Imagem 1 | B3: 2 | C3: 0 | D3: 0 | E3: 1 | F3: 0 | G3: 1 | H3: 0 | I3: 1 | J3: 1 | K3: 0 | L3: 0 | M3: 1 | N3: 0 | O3: 0 | P3: 1 | Q3: 1 | R3: 2 | S3: 0
A4: Max_Chaos_Rodada_1_Imagem 10 | B4: 1 | C4: 0 | D4: 0 | E4: 0 | F4: 0 | G4: 0 | H4: 0 | I4: 0 | J4: 0 | K4: 1 | L4: 0 | M4: 0 | N4: 0 | O4: 0 | P4: 0 | Q4: 0 | R4: 0 | S4: 0
A5: Max_Chaos_Rodada_1_Imagem 11 | B5: 1 | C5: 0 | D5: 0 | E5: 0 | F5: 0 | G5: 0 | H5: 0 | I5: 0 | J5: 0 | K5: 1 | L5: 0 | M5: 0 | N5: 0 | O5: 0 | P5: 0 | Q5: 0 | R5: 0 | S5: 0
A6: Max_Chaos_Rodada_1_Imagem 12 | B6: 1 | C6: 0 | D6: 0 | E6: 0 | F6: 0 | G6: 0 | H6: 0 | I6: 0 | J6: 0 | K6: 1 | L6: 0 | M6: 0 | N6: 0 | O6: 0 | P6: 0 | Q6: 0 | R6: 0 | S6: 0
A7: Max_Chaos_Rodada_1_Imagem 13 | B7: 1 | C7: 0 | D7: 0 | E7: 0 | F7: 0 | G7: 0 | H7: 0 | I7: 0 | J7: 0 | K7: 1 | L7: 0 | M7: 0 | N7: 0 | O7: 0 | P7: 0 | Q7: 0 | R7: 0 | S7: 0
A8: Max_Chaos_Rodada_1_Imagem 14 | B8: 1 | C8: 0 | D8: 0 | E8: 0 | F8: 0 | G8: 0 | H8: 0 | I8: 0 | J8: 0 | K8: 0 | L8: 0 | M8: 0 | N8: 0 | O8: 0 | P8: 0 | Q8: 0 | R8: 0 | S8: 0
A9: Max_Chaos_Rodada_1_Imagem 15 | B9: 0 | C9: 0 | D9: 0 | E9: 0 | F9: 0 | G9: 0 | H9: 0 | I9: 0 | J9: 0 | K9: 0 | L9: 0 | M9: 0 | N9: 0 | O9: 0 | P9: 0 | Q9: 0 | R9: 0 | S9: 0
A10: Max_Chaos_Rodada_1_Imagem 16 | B10: 1 | C10: 0 | D10: 0 | E10: 0 | F10: 0 | G10: 0 | H10: 0 | I10: 0 | J10: 0 | K10: 0 | L10: 0 | M10: 0 | N10: 0 | O10: 0 | P10: 0 | Q10: 0 | R10: 0 | S10: 0
A11: Max_Chaos_Rodada_1_Imagem 17 | B11: 1 | C11: 0 | D11: 0 | E11: 0 | F11: 0 | G11: 0 | H11: 0 | I11: 0 | J11: 0 | K11: 0 | L11: 0 | M11: 0 | N11: 0 | O11: 0 | P11: 0 | Q11: 0 | R11: 0 | S11: 0
A12: Max_Chaos_Rodada_1_Imagem 18 | B12: 2 | C12: 0 | D12: 0 | E12: 0 | F12: 0 | G12: 0 | H12: 0 | I12: 0 | J12: 0 | K12: 0 | L12: 0 | M12: 0 | N12: 0 | O12: 0 | P12: 0 | Q12: 0 | R12: 0 | S12: 0
A13: Max_Chaos_Rodada_1_Imagem 19 | B13: 2 | C13: 0 | D13: 0 | E13: 0 | F13: 0 | G13: 0 | H13: 0 | I13: 0 | J13: 0 | K13: 0 | L13: 0 | M13: 0 | N13: 1 | O13: 0 | P13: 0 | Q13: 0 | R13: 0 | S13: 0
A14: Max_Chaos_Rodada_1_Imagem 2 | B14: 2 | C14: 0 | D14: 0 | E14: 2 | F14: 0 | G14: 0 | H14: 0 | I14: 1 | J14: 1 | K14: 0 | L14: 0 | M14: 1 | N14: 0 | O14: 0 | P14: 1 | Q14: 0 | R14: 1 | S14: 1
... A36: Max_Chaos_Rodada_1_Imagem 9 | B36: 1 | C36: 0 | D36: 0 | E36: 1 | F36: 0 | G36: 0 | H36: 0 | I36: 0 | J36: 0 | K36: 1 | L36: 0 | M36: 0 | N36: 0 | O36: 0 | P36: 0 | Q36: 0 | R36: 0 | S36: 0
A37: Total: | B37: =SUM(B3:B36) -> 39 | C37: =SUM(C3:C36) -> 9 | D37: =SUM(D3:D36) -> 16 | E37: =SUM(E3:E36) -> 10 | F37: =SUM(F3:F36) -> 0 | G37: =SUM(G3:G36) -> 3 | H37: =SUM(H3:H36) -> 0 | I37: =SUM(I3:I36) -> 7 | ... S37: =SUM(S3:S36) -> 4
A38: Precisão: | B38: =B37 / (B37 + C37) -> 0.8125 | E38: =E37 / (E37 + F37) -> 1 | H38: =H37 / (H37 + I37) -> 0 | K38: =K37 / (K37 + L37) -> 1 | N38: =N37 / (N37 + O37) -> 1 | Q38: =Q37 / (Q37 + R37) -> 0.80952381
A39: Acurácia | B39: =B37 / (B37 + D37) -> 0.70909091 | E39: =E37 / (E37 + G37) -> 0.76923077 | H39: =H37 / (H37 + J37) -> 0 | K39: =K37 / (K37 + M37) -> 0.64 | N39: =N37 / (N37 + P37) -> 0.84210526 | Q39: =Q37 / (Q37 + S37) -> 0.80952381

Sheet rodada 2
B1: Parafusos | E1: Arruelas | H1: Alfinete | K1: Porta Agulhas | N1: Allis | Q1: Anatomica
A2: filename | B2: VP | C2: FP | D2: FN | E2: VP | F2: FP | G2: FN | H2: VP | I2: FP | J2: FN | K2: VP | L2: FP | M2: FN | N2: VP | O2: FP | P2: FN | Q2: VP | R2: FP | S2: FN
A3: Max_Chaos_Rodada_2_Imagem 1 | B3: 0 | C3: 1 | D3: 2 | E3: 0 | F3: 0 | G3: 2 | H3: 0 | I3: 0 | J3: 1 | K3: 1 | L3: 0 | M3: 0 | N3: 1 | O3: 0 | P3: 0 | Q3: 1 | R3: 0 | S3: 0
A4: Max_Chaos_Rodada_2_Imagem 10 | B4: 0 | C4: 1 | D4: 0 | E4: 0 | F4: 0 | G4: 0 | H4: 0 | I4: 0 | J4: 1 | K4: 0 | L4: 0 | M4: 0 | N4: 0 | O4: 0 | P4: 1 | Q4: 0 | R4: 0 | S4: 0
A5: Max_Chaos_Rodada_2_Imagem 11 | B5: 0 | C5: 1 | D5: 0 | E5: 0 | F5: 0 | G5: 0 | H5: 0 | I5: 0 | J5: 0 | K5: 0 | L5: 0 | M5: 1 | N5: 0 | O5: 1 | P5: 0 | Q5: 0 | R5: 0 | S5: 0
A6: Max_Chaos_Rodada_2_Imagem 12 | B6: 0 | C6: 1 | D6: 0 | E6: 0 | F6: 0 | G6: 0 | H6: 0 | I6: 0 | J6: 0 | K6: 0 | L6: 0 | M6: 0 | N6: 0 | O6: 0 | P6: 0 | Q6: 0 | R6: 0 | S6: 0
A7: Max_Chaos_Rodada_2_Imagem 13 | B7: 0 | C7: 0 | D7: 0 | E7: 0 | F7: 0 | G7: 0 | H7: 0 | I7: 0 | J7: 0 | K7: 0 | L7: 0 | M7: 0 | N7: 0 | O7: 0 | P7: 0 | Q7: 0 | R7: 0 | S7: 0
A8: Max_Chaos_Rodada_2_Imagem 14 | B8: 0 | C8: 0 | D8: 0 | E8: 0 | F8: 0 | G8: 0 | H8: 0 | I8: 0 | J8: 0 | K8: 0 | L8: 0 | M8: 0 | N8: 0 | O8: 0 | P8: 0 | Q8: 0 | R8: 0 | S8: 0
A9: Max_Chaos_Rodada_2_Imagem 15 | B9: 0 | C9: 0 | D9: 0 | E9: 0 | F9: 1 | G9: 0 | H9: 0 | I9: 0 | J9: 0 | K9: 0 | L9: 0 | M9: 0 | N9: 0 | O9: 0 | P9: 0 | Q9: 0 | R9: 0 | S9: 0
A10: Max_Chaos_Rodada_2_Imagem 16 | B10: 0 | C10: 0 | D10: 0 | E10: 0 | F10: 0 | G10: 0 | H10: 0 | I10: 0 | J10: 0 | K10: 0 | L10: 0 | M10: 0 | N10: 0 | O10: 0 | P10: 0 | Q10: 0 | R10: 0 | S10: 0
A11: Max_Chaos_Rodada_2_Imagem 17 | B11: 0 | C11: 0 | D11: 0 | E11: 0 | F11: 0 | G11: 0 | H11: 0 | I11: 0 | J11: 1 | K11: 0 | L11: 0 | M11: 0 | N11: 0 | O11: 0 | P11: 0 | Q11: 0 | R11: 0 | S11: 0
A12: Max_Chaos_Rodada_2_Imagem 18 | B12: 0 | C12: 0 | D12: 0 | E12: 0 | F12: 0 | G12: 0 | H12: 0 | I12: 0 | J12: 1 | K12: 0 | L12: 0 | M12: 0 | N12: 0 | O12: 0 | P12: 0 | Q12: 0 | R12: 0 | S12: 0
A13: Max_Chaos_Rodada_2_Imagem 19 | B13: 0 | C13: 0 | D13: 0 | E13: 0 | F13: 0 | G13: 0 | H13: 1 | I13: 0 | J13: 0 | K13: 0 | L13: 0 | M13: 0 | N13: 1 | O13: 0 | P13: 0 | Q13: 0 | R13: 0 | S13: 0
A14: Max_Chaos_Rodada_2_Imagem 2 | B14: 0 | C14: 1 | D14: 2 | E14: 0 | F14: 0 | G14: 2 | H14: 0 | I14: 0 | J14: 1 | K14: 1 | L14: 0 | M14: 0 | N14: 1 | O14: 0 | P14: 0 | Q14: 1 | R14: 0 | S14: 0
... A34: Max_Chaos_Rodada_2_Imagem 9 | B34: 0 | C34: 1 | D34: 0 | E34: 0 | F34: 0 | G34: 0 | H34: 0 | I34: 0 | J34: 1 | K34: 1 | L34: 0 | M34: 0 | N34: 1 | O34: 0 | P34: 0 | Q34: 0 | R34: 0 | S34: 0
A35: Total: | B35: =SUM(B3:B34) -> 0 | C35: =SUM(C3:C34) -> 12 | D35: =SUM(D3:D34) -> 21 | E35: =SUM(E3:E34) -> 10 | F35: =SUM(F3:F34) -> 1 | G35: =SUM(G3:G34) -> 13 | H35: =SUM(H3:H34) -> 9 | I35: =SUM(I3:I34) -> 4 | ... S35: =SUM(S3:S34) -> 3
A36: Precisão: | B36: =B35 / (B35 + C35) -> 0 | E36: =E35 / (E35 + F35) -> 0.90909091 | H36: =H35 / (H35 + I35) -> 0.69230769 | K36: =K35 / (K35 + L35) -> 0.73684211 | N36: =N35 / (N35 + O35) -> 0.93333333 | Q36: =Q35 / (Q35 + R35) -> 1
A37: Acurácia | B37: =B35 / (B35 + D35) -> 0 | E37: =E35 / (E35 + G35) -> 0.43478261 | H37: =H35 / (H35 + J35) -> 0.34615385 | K37: =K35 / (K35 + M35) -> 0.60869565 | N37: =N35 / (N35 + P35) -> 0.58333333 | Q37: =Q35 / (Q35 + S35) -> 0.5

Sheet rodada 3
B1: Parafusos | E1: Arruelas | H1: Alfinete | K1: Porta Agulhas | N1: Allis | Q1: Anatomica
A2: filename | B2: VP | C2: FP | D2: FN | E2: VP | F2: FP | G2: FN | H2: VP | I2: FP | J2: FN | K2: VP | L2: FP | M2: FN | N2: VP | O2: FP | P2: FN | Q2: VP | R2: FP | S2: FN
A3: Max_Chaos_Rodada_3_Imagem 1 | B3: 5 | C3: 0 | D3: 4 | E3: 2 | F3: 0 | G3: 0 | H3: 0 | I3: 0 | J3: 1 | K3: 0 | L3: 1 | M3: 1 | N3: 1 | O3: 0 | P3: 0 | Q3: 0 | R3: 0 | S3: 1
A4: Max_Chaos_Rodada_3_Imagem 10 | B4: 2 | C4: 0 | D4: 5 | E4: 2 | F4: 0 | G4: 0 | H4: 0 | I4: 0 | J4: 1 | K4: 1 | L4: 0 | M4: 0 | N4: 0 | O4: 0 | P4: 0 | Q4: 0 | R4: 0 | S4: 0
A5: Max_Chaos_Rodada_3_Imagem 11 | B5: 1 | C5: 0 | D5: 5 | E5: 2 | F5: 0 | G5: 0 | H5: 0 | I5: 0 | J5: 1 | K5: 1 | L5: 0 | M5: 0 | N5: 0 | O5: 0 | P5: 0 | Q5: 0 | R5: 0 | S5: 0
A6: Max_Chaos_Rodada_3_Imagem 12 | B6: 1 | C6: 0 | D6: 5 | E6: 1 | F6: 0 | G6: 0 | H6: 0 | I6: 0 | J6: 1 | K6: 1 | L6: 0 | M6: 0 | N6: 0 | O6: 0 | P6: 0 | Q6: 0 | R6: 0 | S6: 0
A7: Max_Chaos_Rodada_3_Imagem 13 | B7: 1 | C7: 0 | D7: 5 | E7: 1 | F7: 0 | G7: 0 | H7: 0 | I7: 0 | J7: 1 | K7: 1 | L7: 0 | M7: 0 | N7: 0 | O7: 0 | P7: 0 | Q7: 0 | R7: 0 | S7: 0
A8: Max_Chaos_Rodada_3_Imagem 14 | B8: 1 | C8: 0 | D8: 5 | E8: 1 | F8: 0 | G8: 0 | H8: 0 | I8: 0 | J8: 1 | K8: 1 | L8: 0 | M8: 0 | N8: 0 | O8: 0 | P8: 0 | Q8: 0 | R8: 0 | S8: 0
A9: Max_Chaos_Rodada_3_Imagem 15 | B9: 1 | C9: 0 | D9: 5 | E9: 1 | F9: 0 | G9: 0 | H9: 0 | I9: 0 | J9: 0 | K9: 1 | L9: 0 | M9: 0 | N9: 0 | O9: 0 | P9: 0 | Q9: 0 | R9: 0 | S9: 0
A10: Max_Chaos_Rodada_3_Imagem 16 | B10: 1 | C10: 0 | D10: 5 | E10: 1 | F10: 0 | G10: 0 | H10: 0 | I10: 1 | J10: 0 | K10: 0 | L10: 0 | M10: 0 | N10: 0 | O10: 0 | P10: 0 | Q10: 0 | R10: 0 | S10: 0
A11: Max_Chaos_Rodada_3_Imagem 17 | B11: 5 | C11: 0 | D11: 1 | E11: 1 | F11: 0 | G11: 0 | H11: 0 | I11: 0 | J11: 0 | K11: 0 | L11: 0 | M11: 0 | N11: 0 | O11: 0 | P11: 0 | Q11: 0 | R11: 0 | S11: 0
A12: Max_Chaos_Rodada_3_Imagem 18 | B12: 6 | C12: 1 | D12: 0 | E12: 1 | F12: 0 | G12: 0 | H12: 0 | I12: 0 | J12: 0 | K12: 0 | L12: 0 | M12: 0 | N12: 0 | O12: 0 | P12: 0 | Q12: 0 | R12: 0 | S12: 0
A13: Max_Chaos_Rodada_3_Imagem 19 | B13: 5 | C13: 1 | D13: 1 | E13: 1 | F13: 0 | G13: 0 | H13: 0 | I13: 0 | J13: 0 | K13: 1 | L13: 0 | M13: 0 | N13: 0 | O13: 0 | P13: 0 | Q13: 0 | R13: 0 | S13: 0
A14: Max_Chaos_Rodada_3_Imagem 2 | B14: 6 | C14: 0 | D14: 3 | E14: 2 | F14: 0 | G14: 0 | H14: 1 | I14: 0 | J14: 0 | K14: 0 | L14: 0 | M14: 1 | N14: 0 | O14: 0 | P14: 0 | Q14: 0 | R14: 0 | S14: 1
... A43: Max_Chaos_Rodada_3_Imagem 9 | B43: 2 | C43: 0 | D43: 5 | E43: 2 | F43: 0 | G43: 0 | H43: 0 | I43: 0 | J43: 1 | K43: 1 | L43: 0 | M43: 0 | N43: 0 | O43: 0 | P43: 0 | Q43: 0 | R43: 0 | S43: 0
A44: Total: | B44: =SUM(B3:B43) -> 126 | C44: =SUM(C3:C43) -> 9 | D44: =SUM(D3:D43) -> 107 | E44: =SUM(E3:E43) -> 52 | F44: =SUM(F3:F43) -> 5 | G44: =SUM(G3:G43) -> 0 | H44: =SUM(H3:H43) -> 2 | I44: =SUM(I3:I43) -> 1 | ... S44: =SUM(S3:S43) -> 9
A45: Precisão: | B45: =B44 / (B44 + C44) -> 0.93333333 | E45: =E44 / (E44 + F44) -> 0.9122807 | H45: =H44 / (H44 + I44) -> 0.66666667 | K45: =K44 / (K44 + L44) -> 0.68965517 | N45: =N44 / (N44 + O44) -> 0.75 | Q45: =Q44 / (Q44 + R44) -> 0
A46: Acurácia | B46: =B44 / (B44 + D44) -> 0.54077253 | E46: =E44 / (E44 + G44) -> 1 | H46: =H44 / (H44 + J44) -> 0.083333333 | K46: =K44 / (K44 + M44) -> 0.68965517 | N46: =N44 / (N44 + P44) -> 0.3 | Q46: =Q44 / (Q44 + S44) -> 0

Sheet rodada 4
B1: Parafusos | E1: Arruelas | H1: Alfinete | K1: Porta Agulhas | N1: Allis | Q1: Anatomica
A2: filename | B2: VP | C2: FP | D2: FN | E2: VP | F2: FP | G2: FN | H2: VP | I2: FP | J2: FN | K2: VP | L2: FP | M2: FN | N2: VP | O2: FP | P2: FN | Q2: VP | R2: FP | S2: FN
A3: Max_Chaos_Rodada_4_Imagem 1 | B3: 6 | C3: 0 | D3: 2 | E3: 2 | F3: 1 | G3: 0 | H3: 0 | I3: 0 | J3: 1 | K3: 0 | L3: 0 | M3: 1 | N3: 1 | O3: 1 | P3: 0 | Q3: 0 | R3: 1 | S3: 1
A4: Max_Chaos_Rodada_4_Imagem 10 | B4: 2 | C4: 0 | D4: 6 | E4: 0 | F4: 0 | G4: 2 | H4: 0 | I4: 0 | J4: 1 | K4: 0 | L4: 0 | M4: 1 | N4: 1 | O4: 2 | P4: 0 | Q4: 1 | R4: 0 | S4: 0
A5: Max_Chaos_Rodada_4_Imagem 11 | B5: 0 | C5: 0 | D5: 7 | E5: 1 | F5: 0 | G5: 2 | H5: 0 | I5: 0 | J5: 1 | K5: 1 | L5: 0 | M5: 0 | N5: 0 | O5: 0 | P5: 1 | Q5: 0 | R5: 0 | S5: 0
A6: Max_Chaos_Rodada_4_Imagem 12 | B6: 1 | C6: 0 | D6: 7 | E6: 2 | F6: 0 | G6: 0 | H6: 0 | I6: 0 | J6: 1 | K6: 0 | L6: 1 | M6: 1 | N6: 0 | O6: 3 | P6: 1 | Q6: 0 | R6: 0 | S6: 1
A7: Max_Chaos_Rodada_4_Imagem 13 | B7: 1 | C7: 0 | D7: 3 | E7: 2 | F7: 0 | G7: 0 | H7: 0 | I7: 0 | J7: 1 | K7: 0 | L7: 1 | M7: 1 | N7: 0 | O7: 3 | P7: 1 | Q7: 0 | R7: 0 | S7: 1
A8: Max_Chaos_Rodada_4_Imagem 14 | B8: 1 | C8: 0 | D8: 3 | E8: 2 | F8: 0 | G8: 0 | H8: 0 | I8: 0 | J8: 0 | K8: 1 | L8: 1 | M8: 0 | N8: 0 | O8: 1 | P8: 1 | Q8: 0 | R8: 0 | S8: 1
A9: Max_Chaos_Rodada_4_Imagem 15 | B9: 2 | C9: 0 | D9: 2 | E9: 2 | F9: 0 | G9: 0 | H9: 0 | I9: 0 | J9: 0 | K9: 0 | L9: 0 | M9: 1 | N9: 1 | O9: 1 | P9: 0 | Q9: 1 | R9: 0 | S9: 0
A10: Max_Chaos_Rodada_4_Imagem 16 | B10: 1 | C10: 0 | D10: 1 | E10: 2 | F10: 0 | G10: 0 | H10: 0 | I10: 0 | J10: 0 | K10: 0 | L10: 0 | M10: 1 | N10: 1 | O10: 1 | P10: 0 | Q10: 0 | R10: 0 | S10: 1
A11: Max_Chaos_Rodada_4_Imagem 17 | B11: 0 | C11: 0 | D11: 2 | E11: 0 | F11: 0 | G11: 2 | H11: 0 | I11: 0 | J11: 0 | K11: 0 | L11: 0 | M11: 1 | N11: 0 | O11: 1 | P11: 1 | Q11: 0 | R11: 0 | S11: 1
A12: Max_Chaos_Rodada_4_Imagem 18 | B12: 2 | C12: 0 | D12: 2 | E12: 0 | F12: 0 | G12: 2 | H12: 0 | I12: 0 | J12: 1 | K12: 0 | L12: 0 | M12: 1 | N12: 0 | O12: 1 | P12: 1 | Q12: 0 | R12: 0 | S12: 1
A13: Max_Chaos_Rodada_4_Imagem 19 | B13: 3 | C13: 0 | D13: 2 | E13: 0 | F13: 0 | G13: 2 | H13: 0 | I13: 0 | J13: 1 | K13: 0 | L13: 0 | M13: 1 | N13: 0 | O13: 1 | P13: 1 | Q13: 0 | R13: 0 | S13: 1
A14: Max_Chaos_Rodada_4_Imagem 2 | B14: 5 | C14: 0 | D14: 3 | E14: 2 | F14: 1 | G14: 0 | H14: 0 | I14: 0 | J14: 1 | K14: 0 | L14: 0 | M14: 1 | N14: 0 | O14: 1 | P14: 0 | Q14: 1 | R14: 0 | S14: 0
... A29: Max_Chaos_Rodada_4_Imagem 9 | B29: 2 | C29: 0 | D29: 6 | E29: 2 | F29: 0 | G29: 0 | H29: 0 | I29: 0 | J29: 1 | K29: 0 | L29: 0 | M29: 1 | N29: 1 | O29: 1 | P29: 0 | Q29: 1 | R29: 0 | S29: 0
A30: Total: | B30: =SUM(B3:B29) -> 66 | C30: =SUM(C3:C29) -> 0 | D30: =SUM(D3:D29) -> 76 | E30: =SUM(E3:E29) -> 33 | F30: =SUM(F3:F29) -> 3 | G30: =SUM(G3:G29) -> 22 | H30: =SUM(H3:H29) -> 0 | I30: =SUM(I3:I29) -> 0 | ... S30: =SUM(S3:S29) -> 18
A31: Precisão: | B31: =B30 / (B30 + C30) -> 1 | E31: =E30 / (E30 + F30) -> 0.91666667 | H31: =H30 / (H30 + I30) -> #DIV/0! | K31: =K30 / (K30 + L30) -> 0.75 | N31: =N30 / (N30 + O30) -> 0.31034483 | Q31: =Q30 / (Q30 + R30) -> 0.88888889
A32: Acurácia | B32: =B30 / (B30 + D30) -> 0.46478873 | E32: =E30 / (E30 + G30) -> 0.6 | H32: =H30 / (H30 + J30) -> 0 | K32: =K30 / (K30 + M30) -> 0.375 | N32: =N30 / (N30 + P30) -> 0.47368421 | Q32: =Q30 / (Q30 + S30) -> 0.30769231

Sheet Rodada_5_Yolo
A1: Column1 | B1: Column2 | C1: Column3 | D1: Column4 | E1: Column5 | F1: Column6 | G1: Column7 | H1: Column8 | I1: Column9 | J1: Column10 | K1: Column11 | L1: Column12 | M1: Column13 | N1: Column14 | O1: Column15 | P1: Column16 | Q1: Column17 | R1: Column18 | S1: Column19 | T1: Column20
A2: Max_Chaos_Rodada_5_Imagem 1 | B2: 4 | C2: 0 | D2: 0 | E2: 1 | F2: 0 | G2: 2 | H2: 0 | I2: 0 | J2: 1 | K2: 0 | L2: 0 | M2: 1 | N2: 1 | O2: 1 | P2: 0 | Q2: 1 | R2: 0 | S2: 0
A3: Max_Chaos_Rodada_5_Imagem 10 | B3: 5 | C3: 0 | D3: 3 | E3: 1 | F3: 0 | G3: 1 | H3: 0 | I3: 0 | J3: 0 | K3: 1 | L3: 0 | M3: 0 | N3: 0 | O3: 0 | P3: 0 | Q3: 0 | R3: 0 | S3: 0
A4: Max_Chaos_Rodada_5_Imagem 11 | B4: 5 | C4: 0 | D4: 3 | E4: 1 | F4: 0 | G4: 1 | H4: 0 | I4: 0 | J4: 0 | K4: 1 | L4: 0 | M4: 0 | N4: 0 | O4: 0 | P4: 0 | Q4: 0 | R4: 0 | S4: 0
A5: Max_Chaos_Rodada_5_Imagem 12 | B5: 5 | C5: 1 | D5: 2 | E5: 1 | F5: 0 | G5: 1 | H5: 1 | I5: 0 | J5: 0 | K5: 1 | L5: 0 | M5: 0 | N5: 0 | O5: 0 | P5: 0 | Q5: 0 | R5: 0 | S5: 0
A6: Max_Chaos_Rodada_5_Imagem 13 | B6: 4 | C6: 0 | D6: 2 | E6: 1 | F6: 0 | G6: 1 | H6: 1 | I6: 0 | J6: 0 | K6: 1 | L6: 0 | M6: 0 | N6: 0 | O6: 0 | P6: 0 | Q6: 1 | R6: 0 | S6: 0
A7: Max_Chaos_Rodada_5_Imagem 14 | B7: 3 | C7: 0 | D7: 3 | E7: 1 | F7: 0 | G7: 1 | H7: 1 | I7: 0 | J7: 0 | K7: 0 | L7: 1 | M7: 0 | N7: 0 | O7: 0 | P7: 1 | Q7: 1 | R7: 0 | S7: 0
A8: Max_Chaos_Rodada_5_Imagem 15 | B8: 3 | C8: 0 | D8: 3 | E8: 0 | F8: 0 | G8: 2 | H8: 1 | I8: 0 | J8: 0 | K8: 1 | L8: 1 | M8: 1 | N8: 0 | O8: 1 | P8: 1 | Q8: 1 | R8: 0 | S8: 0
A9: Max_Chaos_Rodada_5_Imagem 16 | B9: 4 | C9: 0 | D9: 2 | E9: 1 | F9: 0 | G9: 1 | H9: 0 | I9: 0 | J9: 0 | K9: 2 | L9: 0 | M9: 0 | N9: 1 | O9: 0 | P9: 0 | Q9: 1 | R9: 0 | S9: 0
A10: Max_Chaos_Rodada_5_Imagem 17 | B10: 3 | C10: 0 | D10: 3 | E10: 1 | F10: 0 | G10: 1 | H10: 1 | I10: 0 | J10: 0 | K10: 2 | L10: 0 | M10: 0 | N10: 0 | O10: 0 | P10: 0 | Q10: 1 | R10: 0 | S10: 0
A11: Max_Chaos_Rodada_5_Imagem 18 | B11: 3 | C11: 0 | D11: 3 | E11: 1 | F11: 0 | G11: 1 | H11: 0 | I11: 0 | J11: 1 | K11: 2 | L11: 0 | M11: 0 | N11: 0 | O11: 0 | P11: 0 | Q11: 0 | R11: 0 | S11: 1
A12: Max_Chaos_Rodada_5_Imagem 19 | B12: 5 | C12: 0 | D12: 1 | E12: 1 | F12: 0 | G12: 1 | H12: 0 | I12: 0 | J12: 0 | K12: 1 | L12: 0 | M12: 1 | N12: 0 | O12: 1 | P12: 0 | Q12: 0 | R12: 0 | S12: 1
A13: Max_Chaos_Rodada_5_Imagem 2 | B13: 4 | C13: 0 | D13: 1 | E13: 2 | F13: 0 | G13: 0 | H13: 1 | I13: 0 | J13: 0 | K13: 0 | L13: 0 | M13: 1 | N13: 0 | O13: 1 | P13: 0 | Q13: 1 | R13: 0 | S13: 0
... A31: Max_Chaos_Rodada_5_Imagem 9 | B31: 5 | C31: 0 | D31: 3 | E31: 0 | F31: 0 | G31: 2 | H31: 0 | I31: 0 | J31: 1 | K31: 1 | L31: 0 | M31: 0 | N31: 0 | O31: 0 | P31: 0 | Q31: 1 | R31: 0 | S31: 0

Sheet rodada 5
B1: Parafusos | E1: Arruelas | H1: Alfinete | K1: Porta Agulhas | N1: Allis | Q1: Anatomica
A2: filename | B2: VP | C2: FP | D2: FN | E2: VP | F2: FP | G2: FN | H2: VP | I2: FP | J2: FN | K2: VP | L2: FP | M2: FN | N2: VP | O2: FP | P2: FN | Q2: VP | R2: FP | S2: FN
A3: Max_Chaos_Rodada_5_Imagem 1 | B3: 4 | C3: 0 | D3: 0 | E3: 1 | F3: 0 | G3: 2 | H3: 0 | I3: 0 | J3: 1 | K3: 0 | L3: 0 | M3: 1 | N3: 1 | O3: 1 | P3: 0 | Q3: 1 | R3: 0 | S3: 0
A4: Max_Chaos_Rodada_5_Imagem 10 | B4: 5 | C4: 0 | D4: 3 | E4: 1 | F4: 0 | G4: 1 | H4: 0 | I4: 0 | J4: 0 | K4: 1 | L4: 0 | M4: 0 | N4: 0 | O4: 0 | P4: 0 | Q4: 0 | R4: 0 | S4: 0
A5: Max_Chaos_Rodada_5_Imagem 11 | B5: 5 | C5: 0 | D5: 3 | E5: 1 | F5: 0 | G5: 1 | H5: 0 | I5: 0 | J5: 0 | K5: 1 | L5: 0 | M5: 0 | N5: 0 | O5: 0 | P5: 0 | Q5: 0 | R5: 0 | S5: 0
A6: Max_Chaos_Rodada_5_Imagem 12 | B6: 5 | C6: 1 | D6: 2 | E6: 1 | F6: 0 | G6: 1 | H6: 1 | I6: 0 | J6: 0 | K6: 1 | L6: 0 | M6: 0 | N6: 0 | O6: 0 | P6: 0 | Q6: 0 | R6: 0 | S6: 0
A7: Max_Chaos_Rodada_5_Imagem 13 | B7: 4 | C7: 0 | D7: 2 | E7: 1 | F7: 0 | G7: 1 | H7: 1 | I7: 0 | J7: 0 | K7: 1 | L7: 0 | M7: 0 | N7: 0 | O7: 0 | P7: 0 | Q7: 1 | R7: 0 | S7: 0
A8: Max_Chaos_Rodada_5_Imagem 14 | B8: 3 | C8: 0 | D8: 3 | E8: 1 | F8: 0 | G8: 1 | H8: 1 | I8: 0 | J8: 0 | K8: 0 | L8: 1 | M8: 0 | N8: 0 | O8: 0 | P8: 1 | Q8: 1 | R8: 0 | S8: 0
A9: Max_Chaos_Rodada_5_Imagem 15 | B9: 3 | C9: 0 | D9: 3 | E9: 0 | F9: 0 | G9: 2 | H9: 1 | I9: 0 | J9: 0 | K9: 1 | L9: 1 | M9: 1 | N9: 0 | O9: 1 | P9: 1 | Q9: 1 | R9: 0 | S9: 0
A10: Max_Chaos_Rodada_5_Imagem 16 | B10: 4 | C10: 0 | D10: 2 | E10: 1 | F10: 0 | G10: 1 | H10: 0 | I10: 0 | J10: 0 | K10: 2 | L10: 0 | M10: 0 | N10: 1 | O10: 0 | P10: 0 | Q10: 1 | R10: 0 | S10: 0
A11: Max_Chaos_Rodada_5_Imagem 17 | B11: 3 | C11: 0 | D11: 3 | E11: 1 | F11: 0 | G11: 1 | H11: 1 | I11: 0 | J11: 0 | K11: 2 | L11: 0 | M11: 0 | N11: 0 | O11: 0 | P11: 0 | Q11: 1 | R11: 0 | S11: 0
A12: Max_Chaos_Rodada_5_Imagem 18 | B12: 3 | C12: 0 | D12: 3 | E12: 1 | F12: 0 | G12: 1 | H12: 0 | I12: 0 | J12: 1 | K12: 2 | L12: 0 | M12: 0 | N12: 0 | O12: 0 | P12: 0 | Q12: 0 | R12: 0 | S12: 1
A13: Max_Chaos_Rodada_5_Imagem 19 | B13: 5 | C13: 0 | D13: 1 | E13: 1 | F13: 0 | G13: 1 | H13: 0 | I13: 0 | J13: 0 | K13: 1 | L13: 0 | M13: 1 | N13: 0 | O13: 1 | P13: 0 | Q13: 0 | R13: 0 | S13: 1
A14: Max_Chaos_Rodada_5_Imagem 2 | B14: 4 | C14: 0 | D14: 1 | E14: 2 | F14: 0 | G14: 0 | H14: 1 | I14: 0 | J14: 0 | K14: 0 | L14: 0 | M14: 1 | N14: 0 | O14: 1 | P14: 0 | Q14: 1 | R14: 0 | S14: 0
... A32: Max_Chaos_Rodada_5_Imagem 9 | B32: 5 | C32: 0 | D32: 3 | E32: 0 | F32: 0 | G32: 2 | H32: 0 | I32: 0 | J32: 1 | K32: 1 | L32: 0 | M32: 0 | N32: 0 | O32: 0 | P32: 0 | Q32: 1 | R32: 0 | S32: 0
A33: Total: | B33: =SUM(B3:B32) -> 106 | C33: =SUM(C3:C32) -> 5 | D33: =SUM(D3:D32) -> 48 | E33: =SUM(E3:E32) -> 32 | F33: =SUM(F3:F32) -> 0 | G33: =SUM(G3:G32) -> 29 | H33: =SUM(H3:H32) -> 16 | I33: =SUM(I3:I32) -> 0 | ... S33: =SUM(S3:S32) -> 2
A34: Precisão: | B34: =B33 / (B33 + C33) -> 0.95495495 | E34: =E33 / (E33 + F33) -> 1 | H34: =H33 / (H33 + I33) -> 1 | K34: =K33 / (K33 + L33) -> 0.9 | N34: =N33 / (N33 + O33) -> 0.35 | Q34: =Q33 / (Q33 + R33) -> 1
A35: Acurácia | B35: =B33 / (B33 + D33) -> 0.68831169 | E35: =E33 / (E33 + G33) -> 0.52459016 | H35: =H33 / (H33 + J33) -> 0.76190476 | K35: =K33 / (K33 + M33) -> 0.48648649 | N35: =N33 / (N33 + P33) -> 0.63636364 | Q35: =Q33 / (Q33 + S33) -> 0.86666667

Sheet resumo
B1: Parafusos | E1: Arruelas | H1: Alfinete | K1: Porta Agulhas | N1: Allis | Q1: Anatomica
B2: VP | C2: FP | D2: FN | E2: VP | F2: FP | G2: FN | H2: VP | I2: FP | J2: FN | K2: VP | L2: FP | M2: FN | N2: VP | O2: FP | P2: FN | Q2: VP | R2: FP | S2: FN
B3: =SUM('rodada 1'!B37,'rodada 2'!B35,'rodada 3'!B44,'rodada 4'!B30,'rodada 5'!B33,) -> 337 | C3: =SUM('rodada 1'!C37,'rodada 2'!C35,'rodada 3'!C44,'rodada 4'!C30,'rodada 5'!C33,) -> 35 | D3: =SUM('rodada 1'!D37,'rodada 2'!D35,'rodada 3'!D44,'rodada 4'!D30,'rodada 5'!D33,) -> 268 | E3: =SUM('rodada 1'!E37,'rodada 2'!E35,'rodada 3'!E44,'rodada 4'!E30,'rodada 5'!E33,) -> 137 | F3: =SUM('rodada 1'!F37,'rodada 2'!F35,'rodada 3'!F44,'rodada 4'!F30,'rodada 5'!F33,) -> 9 | G3: =SUM('rodada 1'!G37,'rodada 2'!G35,'rodada 3'!G44,'rodada 4'!G30,'rodada 5'!G33,) -> 67 | H3: =SUM('rodada 1'!H37,'rodada 2'!H35,'rodada 3'!H44,'rodada 4'!H30,'rodada 5'!H33,) -> 27 | I3: =SUM('rodada 1'!I37,'rodada 2'!I35,'rodada 3'!I44,'rodada 4'!I30,'rodada 5'!I33,) -> 12 | ... S3: =SUM('rodada 1'!S37,'rodada 2'!S35,'rodada 3'!S44,'rodada 4'!S30,'rodada 5'!S33,) -> 36
A4: Precisão: | B4: =B3 / (B3 + C3) -> 0.90591398 | E4: =E3 / (E3 + F3) -> 0.93835616 | H4: =H3 / (H3 + I3) -> 0.69230769 | K4: =K3 / (K3 + L3) -> 0.80208333 | N4: =N3 / (N3 + O3) -> 0.58333333 | Q4: =Q3 / (Q3 + R3) -> 0.85416667
A5: Acurácia | B5: =B3 / (B3 + D3) -> 0.55702479 | E5: =E3 / (E3 + G3) -> 0.67156863 | H5: =H3 / (H3 + J3) -> 0.25471698 | K5: =K3 / (K3 + M3) -> 0.55797101 | N5: =N3 / (N3 + P3) -> 0.59036145 | Q5: =Q3 / (Q3 + S3) -> 0.53246753
