Workbook

Sheet rodada 1
B1: Parafusos | E1: Arruelas | H1: Alfinete | K1: Porta Agulhas | N1: Allis | Q1: Anatomica
A2: filename | B2: VP | C2: FP | D2: FN | E2: VP | F2: FP | G2: FN | H2: VP | I2: FP | J2: FN | K2: VP | L2: FP | M2: FN | N2: VP | O2: FP | P2: FN | Q2: VP | R2: FP | S2: FN
A3: Mid_Chaos_Rodada_1_Imagem 1 | B3: 2 | C3: 0 | D3: 3 | E3: 2 | F3: 0 | G3: 3 | H3: 1 | I3: 0 | J3: 0 | K3: 2 | L3: 1 | M3: 0 | N3: 0 | O3: 0 | P3: 1 | Q3: 1 | R3: 0 | S3: 0
A4: Mid_Chaos_Rodada_1_Imagem 10 | B4: 0 | C4: 0 | D4: 0 | E4: 1 | F4: 0 | G4: 0 | H4: 1 | I4: 0 | J4: 0 | K4: 2 | L4: 1 | M4: 0 | N4: 0 | O4: 0 | P4: 1 | Q4: 0 | R4: 0 | S4: 1
A5: Mid_Chaos_Rodada_1_Imagem 11 | B5: 0 | C5: 0 | D5: 0 | E5: 0 | F5: 0 | G5: 0 | H5: 1 | I5: 0 | J5: 0 | K5: 2 | L5: 0 | M5: 0 | N5: 1 | O5: 0 | P5: 0 | Q5: 0 | R5: 0 | S5: 1
A6: Mid_Chaos_Rodada_1_Imagem 12 | B6: 0 | C6: 0 | D6: 0 | E6: 0 | F6: 0 | G6: 0 | H6: 0 | I6: 0 | J6: 0 | K6: 2 | L6: 0 | M6: 0 | N6: 1 | O6: 0 | P6: 0 | Q6: 0 | R6: 0 | S6: 1
A7: Mid_Chaos_Rodada_1_Imagem 13 | B7: 0 | C7: 0 | D7: 0 | E7: 0 | F7: 0 | G7: 0 | H7: 0 | I7: 0 | J7: 0 | K7: 1 | L7: 0 | M7: 0 | N7: 1 | O7: 0 | P7: 0 | Q7: 1 | R7: 0 | S7: 0
A8: Mid_Chaos_Rodada_1_Imagem 14 | B8: 0 | C8: 0 | D8: 0 | E8: 0 | F8: 0 | G8: 0 | H8: 0 | I8: 0 | J8: 0 | K8: 0 | L8: 0 | M8: 0 | N8: 1 | O8: 0 | P8: 0 | Q8: 1 | R8: 0 | S8: 0
A9: Mid_Chaos_Rodada_1_Imagem 15 | B9: 0 | C9: 0 | D9: 0 | E9: 0 | F9: 0 | G9: 0 | H9: 0 | I9: 0 | J9: 0 | K9: 0 | L9: 0 | M9: 0 | N9: 0 | O9: 0 | P9: 0 | Q9: 0 | R9: 0 | S9: 1
A10: Mid_Chaos_Rodada_1_Imagem 16 | B10: 0 | C10: 0 | D10: 0 | E10: 0 | F10: 0 | G10: 0 | H10: 0 | I10: 0 | J10: 0 | K10: 0 | L10: 0 | M10: 0 | N10: 0 | O10: 0 | P10: 0 | Q10: 0 | R10: 0 | S10: 0
A11: Mid_Chaos_Rodada_1_Imagem 17 | B11: 0 | C11: 0 | D11: 0 | E11: 0 | F11: 0 | G11: 0 | H11: 0 | I11: 0 | J11: 0 | K11: 0 | L11: 0 | M11: 0 | N11: 0 | O11: 0 | P11: 0 | Q11: 0 | R11: 0 | S11: 1
A12: Mid_Chaos_Rodada_1_Imagem 18 | B12: 0 | C12: 0 | D12: 0 | E12: 0 | F12: 0 | G12: 0 | H12: 0 | I12: 0 | J12: 0 | K12: 0 | L12: 0 | M12: 0 | N12: 1 | O12: 0 | P12: 0 | Q12: 0 | R12: 0 | S12: 1
A13: Mid_Chaos_Rodada_1_Imagem 19 | B13: 0 | C13: 0 | D13: 0 | E13: 0 | F13: 0 | G13: 0 | H13: 0 | I13: 0 | J13: 0 | K13: 1 | L13: 0 | M13: 0 | N13: 0 | O13: 0 | P13: 1 | Q13: 0 | R13: 0 | S13: 1
A14: Mid_Chaos_Rodada_1_Imagem 2 | B14: 1 | C14: 0 | D14: 3 | E14: 1 | F14: 0 | G14: 4 | H14: 1 | I14: 0 | J14: 0 | K14: 2 | L14: 1 | M14: 0 | N14: 0 | O14: 0 | P14: 1 | Q14: 0 | R14: 0 | S14: 1
... A33: Mid_Chaos_Rodada_1_Imagem 9 | B33: 0 | C33: 0 | D33: 0 | E33: 1 | F33: 0 | G33: 1 | H33: 1 | I33: 0 | J33: 0 | K33: 2 | L33: 1 | M33: 0 | N33: 0 | O33: 0 | P33: 1 | Q33: 0 | R33: 0 | S33: 1
A34: Total: | B34: =SUM(B3:B33) -> 8 | C34: =SUM(C3:C33) -> 0 | D34: =SUM(D3:D33) -> 22 | E34: =SUM(E3:E33) -> 34 | F34: =SUM(F3:F33) -> 0 | G34: =SUM(G3:G33) -> 46 | H34: =SUM(H3:H33) -> 22 | I34: =SUM(I3:I33) -> 0 | ... S34: =SUM(S3:S33) -> 27
A35: Precisão: | B35: =B34 / (B34 + C34) -> 1 | E35: =E34 / (E34 + F34) -> 1 | H35: =H34 / (H34 + I34) -> 1 | K35: =K34 / (K34 + L34) -> 0.84745763 | N35: =N34 / (N34 + O34) -> 1 | Q35: =Q34 / (Q34 + R34) -> 1
A36: Acurácia | B36: =B34 / (B34 + D34) -> 0.26666667 | E36: =E34 / (E34 + G34) -> 0.425 | H36: =H34 / (H34 + J34) -> 1 | K36: =K34 / (K34 + M34) -> 1 | N36: =N34 / (N34 + P34) -> 0.28571429 | Q36: =Q34 / (Q34 + S34) -> 0.1

Sheet rodada 2
B1: Parafusos | E1: Arruelas | H1: Alfinete | K1: Porta Agulhas | N1: Allis | Q1: Anatomica
A2: filename | B2: VP | C2: FP | D2: FN | E2: VP | F2: FP | G2: FN | H2: VP | I2: FP | J2: FN | K2: VP | L2: FP | M2: FN | N2: VP | O2: FP | P2: FN | Q2: VP | R2: FP | S2: FN
A3: Mid_Chaos_Rodada_2_Imagem 1 | B3: 0 | C3: 0 | D3: 5 | E3: 1 | F3: 0 | G3: 4 | H3: 1 | I3: 0 | J3: 0 | K3: 1 | L3: 0 | M3: 1 | N3: 1 | O3: 0 | P3: 0 | Q3: 1 | R3: 0 | S3: 0
A4: Mid_Chaos_Rodada_2_Imagem 10 | B4: 0 | C4: 0 | D4: 0 | E4: 0 | F4: 0 | G4: 1 | H4: 1 | I4: 0 | J4: 0 | K4: 2 | L4: 0 | M4: 0 | N4: 1 | O4: 0 | P4: 0 | Q4: 1 | R4: 0 | S4: 0
A5: Mid_Chaos_Rodada_2_Imagem 11 | B5: 0 | C5: 0 | D5: 0 | E5: 0 | F5: 0 | G5: 0 | H5: 1 | I5: 0 | J5: 0 | K5: 1 | L5: 0 | M5: 1 | N5: 1 | O5: 0 | P5: 0 | Q5: 1 | R5: 0 | S5: 0
A6: Mid_Chaos_Rodada_2_Imagem 12 | B6: 0 | C6: 0 | D6: 0 | E6: 0 | F6: 0 | G6: 0 | H6: 0 | I6: 0 | J6: 0 | K6: 2 | L6: 0 | M6: 0 | N6: 1 | O6: 0 | P6: 0 | Q6: 1 | R6: 0 | S6: 0
A7: Mid_Chaos_Rodada_2_Imagem 13 | B7: 0 | C7: 0 | D7: 0 | E7: 0 | F7: 0 | G7: 0 | H7: 0 | I7: 0 | J7: 0 | K7: 1 | L7: 0 | M7: 0 | N7: 1 | O7: 0 | P7: 0 | Q7: 1 | R7: 0 | S7: 0
A8: Mid_Chaos_Rodada_2_Imagem 14 | B8: 0 | C8: 0 | D8: 0 | E8: 0 | F8: 0 | G8: 0 | H8: 0 | I8: 0 | J8: 0 | K8: 0 | L8: 0 | M8: 0 | N8: 1 | O8: 0 | P8: 0 | Q8: 0 | R8: 0 | S8: 1
A9: Mid_Chaos_Rodada_2_Imagem 15 | B9: 0 | C9: 0 | D9: 0 | E9: 0 | F9: 0 | G9: 0 | H9: 0 | I9: 0 | J9: 0 | K9: 0 | L9: 0 | M9: 0 | N9: 0 | O9: 0 | P9: 0 | Q9: 1 | R9: 0 | S9: 0
A10: Mid_Chaos_Rodada_2_Imagem 16 | B10: 0 | C10: 0 | D10: 0 | E10: 0 | F10: 0 | G10: 0 | H10: 0 | I10: 0 | J10: 0 | K10: 0 | L10: 0 | M10: 0 | N10: 0 | O10: 0 | P10: 0 | Q10: 0 | R10: 0 | S10: 0
A11: Mid_Chaos_Rodada_2_Imagem 17 | B11: 0 | C11: 0 | D11: 0 | E11: 0 | F11: 0 | G11: 0 | H11: 0 | I11: 0 | J11: 0 | K11: 0 | L11: 0 | M11: 0 | N11: 0 | O11: 0 | P11: 0 | Q11: 0 | R11: 0 | S11: 1
A12: Mid_Chaos_Rodada_2_Imagem 18 | B12: 0 | C12: 0 | D12: 0 | E12: 0 | F12: 0 | G12: 0 | H12: 0 | I12: 0 | J12: 0 | K12: 0 | L12: 0 | M12: 0 | N12: 1 | O12: 0 | P12: 0 | Q12: 0 | R12: 0 | S12: 1
A13: Mid_Chaos_Rodada_2_Imagem 19 | B13: 0 | C13: 0 | D13: 0 | E13: 0 | F13: 0 | G13: 0 | H13: 0 | I13: 0 | J13: 0 | K13: 1 | L13: 0 | M13: 0 | N13: 1 | O13: 0 | P13: 0 | Q13: 0 | R13: 0 | S13: 1
A14: Mid_Chaos_Rodada_2_Imagem 2 | B14: 0 | C14: 0 | D14: 4 | E14: 0 | F14: 0 | G14: 5 | H14: 1 | I14: 0 | J14: 0 | K14: 1 | L14: 0 | M14: 1 | N14: 1 | O14: 0 | P14: 0 | Q14: 1 | R14: 0 | S14: 0
... A33: Mid_Chaos_Rodada_2_Imagem 9 | B33: 0 | C33: 0 | D33: 0 | E33: 0 | F33: 0 | G33: 2 | H33: 1 | I33: 0 | J33: 0 | K33: 1 | L33: 0 | M33: 1 | N33: 1 | O33: 0 | P33: 0 | Q33: 1 | R33: 0 | S33: 0
A34: Total: | B34: =SUM(B3:B33) -> 24 | C34: =SUM(C3:C33) -> 0 | D34: =SUM(D3:D33) -> 31 | E34: =SUM(E3:E33) -> 1 | F34: =SUM(F3:F33) -> 0 | G34: =SUM(G3:G33) -> 54 | H34: =SUM(H3:H33) -> 22 | I34: =SUM(I3:I33) -> 0 | ... S34: =SUM(S3:S33) -> 16
A35: Precisão: | B35: =B34 / (B34 + C34) -> 1 | E35: =E34 / (E34 + F34) -> 1 | H35: =H34 / (H34 + I34) -> 1 | K35: =K34 / (K34 + L34) -> 1 | N35: =N34 / (N34 + O34) -> 1 | Q35: =Q34 / (Q34 + R34) -> 1
A36: Acurácia | B36: =B34 / (B34 + D34) -> 0.43636364 | E36: =E34 / (E34 + G34) -> 0.018181818 | H36: =H34 / (H34 + J34) -> 1 | K36: =K34 / (K34 + M34) -> 0.86 | N36: =N34 / (N34 + P34) -> 1 | Q36: =Q34 / (Q34 + S34) -> 0.46666667

Sheet rodada 3
B1: Parafusos | E1: Arruelas | H1: Alfinete | K1: Porta Agulhas | N1: Allis | Q1: Anatomica
A2: filename | B2: VP | C2: FP | D2: FN | E2: VP | F2: FP | G2: FN | H2: VP | I2: FP | J2: FN | K2: VP | L2: FP | M2: FN | N2: VP | O2: FP | P2: FN | Q2: VP | R2: FP | S2: FN
A3: Mid_Chaos_Rodada_3_Imagem 1 | B3: 2 | C3: 0 | D3: 3 | E3: 0 | F3: 0 | G3: 5 | H3: 1 | I3: 0 | J3: 0 | K3: 2 | L3: 0 | M3: 0 | N3: 1 | O3: 0 | P3: 0 | Q3: 0 | R3: 0 | S3: 1
A4: Mid_Chaos_Rodada_3_Imagem 10 | B4: 0 | C4: 0 | D4: 0 | E4: 0 | F4: 0 | G4: 1 | H4: 1 | I4: 0 | J4: 0 | K4: 2 | L4: 0 | M4: 0 | N4: 1 | O4: 0 | P4: 0 | Q4: 0 | R4: 0 | S4: 1
A5: Mid_Chaos_Rodada_3_Imagem 11 | B5: 0 | C5: 0 | D5: 0 | E5: 0 | F5: 0 | G5: 0 | H5: 1 | I5: 0 | J5: 0 | K5: 1 | L5: 0 | M5: 1 | N5: 1 | O5: 0 | P5: 0 | Q5: 0 | R5: 0 | S5: 1
A6: Mid_Chaos_Rodada_3_Imagem 12 | B6: 0 | C6: 0 | D6: 0 | E6: 0 | F6: 0 | G6: 0 | H6: 0 | I6: 0 | J6: 0 | K6: 1 | L6: 0 | M6: 1 | N6: 1 | O6: 0 | P6: 0 | Q6: 0 | R6: 0 | S6: 1
A7: Mid_Chaos_Rodada_3_Imagem 13 | B7: 0 | C7: 0 | D7: 0 | E7: 0 | F7: 0 | G7: 0 | H7: 0 | I7: 0 | J7: 0 | K7: 1 | L7: 0 | M7: 1 | N7: 0 | O7: 0 | P7: 0 | Q7: 0 | R7: 0 | S7: 1
A8: Mid_Chaos_Rodada_3_Imagem 14 | B8: 0 | C8: 0 | D8: 0 | E8: 0 | F8: 0 | G8: 0 | H8: 0 | I8: 0 | J8: 0 | K8: 1 | L8: 0 | M8: 0 | N8: 0 | O8: 0 | P8: 0 | Q8: 0 | R8: 0 | S8: 1
A9: Mid_Chaos_Rodada_3_Imagem 15 | B9: 0 | C9: 0 | D9: 0 | E9: 0 | F9: 0 | G9: 0 | H9: 0 | I9: 0 | J9: 0 | K9: 0 | L9: 0 | M9: 0 | N9: 0 | O9: 0 | P9: 0 | Q9: 0 | R9: 0 | S9: 1
A10: Mid_Chaos_Rodada_3_Imagem 16 | B10: 0 | C10: 0 | D10: 0 | E10: 0 | F10: 0 | G10: 0 | H10: 0 | I10: 0 | J10: 0 | K10: 0 | L10: 0 | M10: 0 | N10: 0 | O10: 0 | P10: 0 | Q10: 0 | R10: 0 | S10: 0
A11: Mid_Chaos_Rodada_3_Imagem 17 | B11: 0 | C11: 0 | D11: 0 | E11: 0 | F11: 0 | G11: 0 | H11: 1 | I11: 0 | J11: 0 | K11: 0 | L11: 0 | M11: 0 | N11: 0 | O11: 0 | P11: 0 | Q11: 0 | R11: 0 | S11: 0
A12: Mid_Chaos_Rodada_3_Imagem 18 | B12: 0 | C12: 0 | D12: 0 | E12: 0 | F12: 0 | G12: 0 | H12: 0 | I12: 0 | J12: 1 | K12: 0 | L12: 0 | M12: 0 | N12: 1 | O12: 0 | P12: 0 | Q12: 0 | R12: 0 | S12: 0
A13: Mid_Chaos_Rodada_3_Imagem 19 | B13: 0 | C13: 0 | D13: 0 | E13: 0 | F13: 0 | G13: 0 | H13: 1 | I13: 0 | J13: 0 | K13: 1 | L13: 0 | M13: 0 | N13: 1 | O13: 0 | P13: 0 | Q13: 0 | R13: 0 | S13: 0
A14: Mid_Chaos_Rodada_3_Imagem 2 | B14: 2 | C14: 0 | D14: 2 | E14: 0 | F14: 0 | G14: 5 | H14: 1 | I14: 0 | J14: 0 | K14: 2 | L14: 0 | M14: 0 | N14: 1 | O14: 0 | P14: 0 | Q14: 0 | R14: 0 | S14: 1
... A33: Mid_Chaos_Rodada_3_Imagem 9 | B33: 0 | C33: 0 | D33: 0 | E33: 0 | F33: 0 | G33: 2 | H33: 1 | I33: 0 | J33: 0 | K33: 2 | L33: 0 | M33: 0 | N33: 1 | O33: 0 | P33: 0 | Q33: 0 | R33: 0 | S33: 1
A34: Total: | B34: =SUM(B3:B33) -> 14 | C34: =SUM(C3:C33) -> 0 | D34: =SUM(D3:D33) -> 20 | E34: =SUM(E3:E33) -> 4 | F34: =SUM(F3:F33) -> 0 | G34: =SUM(G3:G33) -> 72 | H34: =SUM(H3:H33) -> 16 | I34: =SUM(I3:I33) -> 0 | ... S34: =SUM(S3:S33) -> 24
A35: Precisão: | B35: =B34 / (B34 + C34) -> 1 | E35: =E34 / (E34 + F34) -> 1 | H35: =H34 / (H34 + I34) -> 1 | K35: =K34 / (K34 + L34) -> 1 | N35: =N34 / (N34 + O34) -> 1 | Q35: =Q34 / (Q34 + R34) -> 1
A36: Acurácia | B36: =B34 / (B34 + D34) -> 0.41176471 | E36: =E34 / (E34 + G34) -> 0.052631579 | H36: =H34 / (H34 + J34) -> 0.61538462 | K36: =K34 / (K34 + M34) -> 0.94230769 | N36: =N34 / (N34 + P34) -> 1 | Q36: =Q34 / (Q34 + S34) -> 0.076923077

Sheet rodada 4
B1: Parafusos | E1: Arruelas | H1: Alfinete | K1: Porta Agulhas | N1: Allis | Q1: Anatomica
A2: filename | B2: VP | C2: FP | D2: FN | E2: VP | F2: FP | G2: FN | H2: VP | I2: FP | J2: FN | K2: VP | L2: FP | M2: FN | N2: VP | O2: FP | P2: FN | Q2: VP | R2: FP | S2: FN
A3: Mid_Chaos_Rodada_4_Imagem 1 | B3: 1 | C3: 0 | D3: 4 | E3: 0 | F3: 0 | G3: 5 | H3: 0 | I3: 0 | J3: 1 | K3: 2 | L3: 0 | M3: 0 | N3: 1 | O3: 0 | P3: 0 | Q3: 1 | R3: 0 | S3: 0
A4: Mid_Chaos_Rodada_4_Imagem 10 | B4: 0 | C4: 0 | D4: 0 | E4: 1 | F4: 0 | G4: 0 | H4: 0 | I4: 0 | J4: 1 | K4: 2 | L4: 0 | M4: 0 | N4: 1 | O4: 0 | P4: 0 | Q4: 1 | R4: 0 | S4: 0
A5: Mid_Chaos_Rodada_4_Imagem 11 | B5: 0 | C5: 0 | D5: 0 | E5: 0 | F5: 0 | G5: 0 | H5: 0 | I5: 0 | J5: 1 | K5: 2 | L5: 0 | M5: 0 | N5: 1 | O5: 0 | P5: 0 | Q5: 1 | R5: 0 | S5: 0
A6: Mid_Chaos_Rodada_4_Imagem 12 | B6: 0 | C6: 0 | D6: 0 | E6: 0 | F6: 0 | G6: 0 | H6: 0 | I6: 0 | J6: 1 | K6: 1 | L6: 0 | M6: 0 | N6: 1 | O6: 0 | P6: 0 | Q6: 1 | R6: 0 | S6: 0
A7: Mid_Chaos_Rodada_4_Imagem 13 | B7: 0 | C7: 0 | D7: 0 | E7: 0 | F7: 0 | G7: 0 | H7: 0 | I7: 0 | J7: 1 | K7: 1 | L7: 0 | M7: 0 | N7: 0 | O7: 0 | P7: 0 | Q7: 1 | R7: 0 | S7: 0
A8: Mid_Chaos_Rodada_4_Imagem 14 | B8: 0 | C8: 0 | D8: 0 | E8: 0 | F8: 0 | G8: 0 | H8: 0 | I8: 0 | J8: 1 | K8: 0 | L8: 0 | M8: 0 | N8: 0 | O8: 0 | P8: 0 | Q8: 1 | R8: 0 | S8: 0
A9: Mid_Chaos_Rodada_4_Imagem 15 | B9: 0 | C9: 0 | D9: 0 | E9: 0 | F9: 0 | G9: 0 | H9: 0 | I9: 0 | J9: 0 | K9: 0 | L9: 0 | M9: 0 | N9: 0 | O9: 0 | P9: 0 | Q9: 1 | R9: 0 | S9: 0
A10: Mid_Chaos_Rodada_4_Imagem 16 | B10: 0 | C10: 0 | D10: 0 | E10: 0 | F10: 0 | G10: 0 | H10: 0 | I10: 0 | J10: 0 | K10: 0 | L10: 0 | M10: 0 | N10: 0 | O10: 0 | P10: 0 | Q10: 0 | R10: 0 | S10: 0
A11: Mid_Chaos_Rodada_4_Imagem 17 | B11: 0 | C11: 0 | D11: 0 | E11: 0 | F11: 0 | G11: 0 | H11: 0 | I11: 0 | J11: 0 | K11: 1 | L11: 0 | M11: 0 | N11: 0 | O11: 0 | P11: 0 | Q11: 0 | R11: 0 | S11: 0
A12: Mid_Chaos_Rodada_4_Imagem 18 | B12: 0 | C12: 0 | D12: 0 | E12: 0 | F12: 0 | G12: 0 | H12: 0 | I12: 0 | J12: 0 | K12: 1 | L12: 0 | M12: 0 | N12: 1 | O12: 0 | P12: 0 | Q12: 0 | R12: 0 | S12: 0
A13: Mid_Chaos_Rodada_4_Imagem 19 | B13: 0 | C13: 0 | D13: 0 | E13: 0 | F13: 0 | G13: 0 | H13: 0 | I13: 0 | J13: 0 | K13: 2 | L13: 0 | M13: 0 | N13: 0 | O13: 0 | P13: 1 | Q13: 0 | R13: 0 | S13: 0
A14: Mid_Chaos_Rodada_4_Imagem 2 | B14: 1 | C14: 0 | D14: 3 | E14: 2 | F14: 0 | G14: 4 | H14: 1 | I14: 0 | J14: 0 | K14: 1 | L14: 1 | M14: 0 | N14: 1 | O14: 0 | P14: 0 | Q14: 1 | R14: 0 | S14: 0
... A33: Mid_Chaos_Rodada_4_Imagem 9 | B33: 0 | C33: 0 | D33: 0 | E33: 1 | F33: 0 | G33: 1 | H33: 0 | I33: 0 | J33: 1 | K33: 2 | L33: 0 | M33: 0 | N33: 1 | O33: 0 | P33: 0 | Q33: 0 | R33: 0 | S33: 1
A34: Total: | B34: =SUM(B3:B33) -> 5 | C34: =SUM(C3:C33) -> 0 | D34: =SUM(D3:D33) -> 25 | E34: =SUM(E3:E33) -> 32 | F34: =SUM(F3:F33) -> 0 | G34: =SUM(G3:G33) -> 49 | H34: =SUM(H3:H33) -> 2 | I34: =SUM(I3:I33) -> 0 | ... S34: =SUM(S3:S33) -> 18
A35: Precisão: | B35: =B34 / (B34 + C34) -> 1 | E35: =E34 / (E34 + F34) -> 1 | H35: =H34 / (H34 + I34) -> 1 | K35: =K34 / (K34 + L34) -> 0.94230769 | N35: =N34 / (N34 + O34) -> 1 | Q35: =Q34 / (Q34 + R34) -> 1
A36: Acurácia | B36: =B34 / (B34 + D34) -> 0.16666667 | E36: =E34 / (E34 + G34) -> 0.39506173 | H36: =H34 / (H34 + J34) -> 0.076923077 | K36: =K34 / (K34 + M34) -> 0.98 | N36: =N34 / (N34 + P34) -> 0.96153846 | Q36: =Q34 / (Q34 + S34) -> 0.33333333

Sheet rodada 5
B1: Parafusos | E1: Arruelas | H1: Alfinete | K1: Porta Agulhas | N1: Allis | Q1: Anatomica
A2: filename | B2: VP | C2: FP | D2: FN | E2: VP | F2: FP | G2: FN | H2: VP | I2: FP | J2: FN | K2: VP | L2: FP | M2: FN | N2: VP | O2: FP | P2: FN | Q2: VP | R2: FP | S2: FN
A3: Mid_Chaos_Rodada_5_Imagem 1 | B3: 1 | C3: 0 | D3: 4 | E3: 1 | F3: 0 | G3: 4 | H3: 0 | I3: 0 | J3: 1 | K3: 1 | L3: 0 | M3: 1 | N3: 1 | O3: 0 | P3: 0 | Q3: 0 | R3: 0 | S3: 1
A4: Mid_Chaos_Rodada_5_Imagem 10 | B4: 0 | C4: 0 | D4: 0 | E4: 0 | F4: 0 | G4: 1 | H4: 0 | I4: 0 | J4: 1 | K4: 2 | L4: 0 | M4: 0 | N4: 1 | O4: 0 | P4: 0 | Q4: 0 | R4: 0 | S4: 1
A5: Mid_Chaos_Rodada_5_Imagem 11 | B5: 0 | C5: 0 | D5: 0 | E5: 0 | F5: 0 | G5: 0 | H5: 0 | I5: 0 | J5: 1 | K5: 2 | L5: 0 | M5: 0 | N5: 1 | O5: 0 | P5: 0 | Q5: 0 | R5: 0 | S5: 1
A6: Mid_Chaos_Rodada_5_Imagem 12 | B6: 0 | C6: 0 | D6: 0 | E6: 0 | F6: 0 | G6: 0 | H6: 0 | I6: 0 | J6: 0 | K6: 2 | L6: 0 | M6: 0 | N6: 1 | O6: 0 | P6: 0 | Q6: 0 | R6: 0 | S6: 1
A7: Mid_Chaos_Rodada_5_Imagem 13 | B7: 0 | C7: 0 | D7: 0 | E7: 0 | F7: 0 | G7: 0 | H7: 0 | I7: 0 | J7: 0 | K7: 2 | L7: 0 | M7: 0 | N7: 1 | O7: 0 | P7: 0 | Q7: 0 | R7: 0 | S7: 0
A8: Mid_Chaos_Rodada_5_Imagem 14 | B8: 0 | C8: 0 | D8: 0 | E8: 0 | F8: 0 | G8: 0 | H8: 0 | I8: 0 | J8: 0 | K8: 1 | L8: 0 | M8: 0 | N8: 1 | O8: 0 | P8: 0 | Q8: 0 | R8: 0 | S8: 0
A9: Mid_Chaos_Rodada_5_Imagem 15 | B9: 0 | C9: 0 | D9: 0 | E9: 0 | F9: 0 | G9: 0 | H9: 0 | I9: 0 | J9: 0 | K9: 1 | L9: 0 | M9: 0 | N9: 0 | O9: 0 | P9: 0 | Q9: 0 | R9: 0 | S9: 0
A10: Mid_Chaos_Rodada_5_Imagem 16 | B10: 0 | C10: 0 | D10: 0 | E10: 0 | F10: 0 | G10: 0 | H10: 0 | I10: 0 | J10: 0 | K10: 0 | L10: 0 | M10: 0 | N10: 0 | O10: 0 | P10: 0 | Q10: 0 | R10: 0 | S10: 0
A11: Mid_Chaos_Rodada_5_Imagem 17 | B11: 0 | C11: 0 | D11: 0 | E11: 0 | F11: 0 | G11: 0 | H11: 0 | I11: 0 | J11: 0 | K11: 1 | L11: 0 | M11: 0 | N11: 0 | O11: 0 | P11: 0 | Q11: 0 | R11: 0 | S11: 0
A12: Mid_Chaos_Rodada_5_Imagem 18 | B12: 0 | C12: 0 | D12: 0 | E12: 0 | F12: 0 | G12: 0 | H12: 1 | I12: 0 | J12: 0 | K12: 1 | L12: 0 | M12: 0 | N12: 0 | O12: 0 | P12: 0 | Q12: 0 | R12: 0 | S12: 0
A13: Mid_Chaos_Rodada_5_Imagem 19 | B13: 0 | C13: 0 | D13: 0 | E13: 0 | F13: 0 | G13: 0 | H13: 1 | I13: 0 | J13: 0 | K13: 1 | L13: 0 | M13: 0 | N13: 0 | O13: 0 | P13: 1 | Q13: 0 | R13: 0 | S13: 0
A14: Mid_Chaos_Rodada_5_Imagem 2 | B14: 1 | C14: 0 | D14: 3 | E14: 3 | F14: 0 | G14: 2 | H14: 0 | I14: 0 | J14: 1 | K14: 2 | L14: 0 | M14: 0 | N14: 1 | O14: 0 | P14: 0 | Q14: 0 | R14: 0 | S14: 1
... A33: Mid_Chaos_Rodada_5_Imagem 9 | B33: 0 | C33: 0 | D33: 0 | E33: 0 | F33: 0 | G33: 2 | H33: 0 | I33: 0 | J33: 1 | K33: 2 | L33: 0 | M33: 0 | N33: 1 | O33: 0 | P33: 0 | Q33: 0 | R33: 0 | S33: 1
A34: Total: | B34: =SUM(B3:B33) -> 4 | C34: =SUM(C3:C33) -> 0 | D34: =SUM(D3:D33) -> 26 | E34: =SUM(E3:E33) -> 33 | F34: =SUM(F3:F33) -> 0 | G34: =SUM(G3:G33) -> 47 | H34: =SUM(H3:H33) -> 2 | I34: =SUM(I3:I33) -> 0 | ... S34: =SUM(S3:S33) -> 12
A35: Precisão: | B35: =B34 / (B34 + C34) -> 1 | E35: =E34 / (E34 + F34) -> 1 | H35: =H34 / (H34 + I34) -> 1 | K35: =K34 / (K34 + L34) -> 1 | N35: =N34 / (N34 + O34) -> 1 | Q35: =Q34 / (Q34 + R34) -> 1
A36: Acurácia | B36: =B34 / (B34 + D34) -> 0.13333333 | E36: =E34 / (E34 + G34) -> 0.4125 | H36: =H34 / (H34 + J34) -> 0.08 | K36: =K34 / (K34 + M34) -> 0.96363636 | N36: =N34 / (N34 + P34) -> 0.55555556 | Q36: =Q34 / (Q34 + S34) -> 0.47826087

Sheet rodada 6
B1: Parafusos | E1: Arruelas | H1: Alfinete | K1: Porta Agulhas | N1: Allis | Q1: Anatomica
A2: filename | B2: VP | C2: FP | D2: FN | E2: VP | F2: FP | G2: FN | H2: VP | I2: FP | J2: FN | K2: VP | L2: FP | M2: FN | N2: VP | O2: FP | P2: FN | Q2: VP | R2: FP | S2: FN
A3: Mid_Chaos_Rodada_6_Imagem 1 | B3: 0 | C3: 0 | D3: 5 | E3: 3 | F3: 0 | G3: 2 | H3: 0 | I3: 0 | J3: 1 | K3: 2 | L3: 0 | M3: 0 | N3: 0 | O3: 0 | P3: 1 | Q3: 1 | R3: 0 | S3: 0
A4: Mid_Chaos_Rodada_6_Imagem 10 | B4: 0 | C4: 0 | D4: 0 | E4: 1 | F4: 0 | G4: 0 | H4: 0 | I4: 0 | J4: 1 | K4: 2 | L4: 0 | M4: 0 | N4: 1 | O4: 0 | P4: 0 | Q4: 1 | R4: 0 | S4: 0
A5: Mid_Chaos_Rodada_6_Imagem 11 | B5: 0 | C5: 0 | D5: 0 | E5: 0 | F5: 0 | G5: 0 | H5: 0 | I5: 0 | J5: 1 | K5: 2 | L5: 0 | M5: 0 | N5: 1 | O5: 0 | P5: 0 | Q5: 1 | R5: 0 | S5: 0
A6: Mid_Chaos_Rodada_6_Imagem 12 | B6: 0 | C6: 0 | D6: 0 | E6: 0 | F6: 0 | G6: 0 | H6: 0 | I6: 0 | J6: 1 | K6: 2 | L6: 0 | M6: 0 | N6: 1 | O6: 0 | P6: 0 | Q6: 0 | R6: 0 | S6: 0
A7: Mid_Chaos_Rodada_6_Imagem 13 | B7: 0 | C7: 0 | D7: 0 | E7: 0 | F7: 0 | G7: 0 | H7: 1 | I7: 0 | J7: 0 | K7: 1 | L7: 0 | M7: 0 | N7: 0 | O7: 0 | P7: 1 | Q7: 0 | R7: 0 | S7: 0
A8: Mid_Chaos_Rodada_6_Imagem 14 | B8: 0 | C8: 0 | D8: 0 | E8: 0 | F8: 0 | G8: 0 | H8: 0 | I8: 0 | J8: 0 | K8: 1 | L8: 0 | M8: 0 | N8: 1 | O8: 0 | P8: 0 | Q8: 0 | R8: 0 | S8: 0
A9: Mid_Chaos_Rodada_6_Imagem 15 | B9: 0 | C9: 0 | D9: 0 | E9: 0 | F9: 0 | G9: 0 | H9: 0 | I9: 0 | J9: 0 | K9: 0 | L9: 0 | M9: 0 | N9: 1 | O9: 0 | P9: 0 | Q9: 0 | R9: 0 | S9: 0
A10: Mid_Chaos_Rodada_6_Imagem 16 | B10: 0 | C10: 0 | D10: 0 | E10: 0 | F10: 0 | G10: 0 | H10: 0 | I10: 0 | J10: 0 | K10: 0 | L10: 0 | M10: 0 | N10: 0 | O10: 0 | P10: 0 | Q10: 0 | R10: 0 | S10: 0
A11: Mid_Chaos_Rodada_6_Imagem 17 | B11: 0 | C11: 0 | D11: 0 | E11: 0 | F11: 0 | G11: 0 | H11: 0 | I11: 0 | J11: 1 | K11: 0 | L11: 0 | M11: 0 | N11: 0 | O11: 0 | P11: 0 | Q11: 0 | R11: 0 | S11: 0
A12: Mid_Chaos_Rodada_6_Imagem 18 | B12: 0 | C12: 0 | D12: 0 | E12: 0 | F12: 0 | G12: 0 | H12: 0 | I12: 0 | J12: 1 | K12: 1 | L12: 0 | M12: 0 | N12: 0 | O12: 0 | P12: 0 | Q12: 0 | R12: 0 | S12: 0
A13: Mid_Chaos_Rodada_6_Imagem 19 | B13: 0 | C13: 0 | D13: 0 | E13: 0 | F13: 0 | G13: 0 | H13: 1 | I13: 0 | J13: 0 | K13: 1 | L13: 0 | M13: 0 | N13: 0 | O13: 0 | P13: 0 | Q13: 0 | R13: 0 | S13: 1
A14: Mid_Chaos_Rodada_6_Imagem 2 | B14: 0 | C14: 0 | D14: 4 | E14: 2 | F14: 0 | G14: 3 | H14: 0 | I14: 0 | J14: 1 | K14: 2 | L14: 0 | M14: 0 | N14: 0 | O14: 0 | P14: 1 | Q14: 1 | R14: 0 | S14: 0
... A33: Mid_Chaos_Rodada_6_Imagem 9 | B33: 0 | C33: 0 | D33: 0 | E33: 1 | F33: 0 | G33: 1 | H33: 0 | I33: 0 | J33: 1 | K33: 2 | L33: 0 | M33: 0 | N33: 0 | O33: 0 | P33: 1 | Q33: 1 | R33: 0 | S33: 0
A34: Total: | B34: =SUM(B3:B33) -> 0 | C34: =SUM(C3:C33) -> 0 | D34: =SUM(D3:D33) -> 30 | E34: =SUM(E3:E33) -> 33 | F34: =SUM(F3:F33) -> 0 | G34: =SUM(G3:G33) -> 47 | H34: =SUM(H3:H33) -> 2 | I34: =SUM(I3:I33) -> 0 | ... S34: =SUM(S3:S33) -> 16
A35: Precisão: | B35: =B34 / (B34 + C34) -> #DIV/0! | E35: =E34 / (E34 + F34) -> 1 | H35: =H34 / (H34 + I34) -> 1 | K35: =K34 / (K34 + L34) -> 0.98113208 | N35: =N34 / (N34 + O34) -> 1 | Q35: =Q34 / (Q34 + R34) -> 1
A36: Acurácia | B36: =B34 / (B34 + D34) -> 0 | E36: =E34 / (E34 + G34) -> 0.4125 | H36: =H34 / (H34 + J34) -> 0.071428571 | K36: =K34 / (K34 + M34) -> 1 | N36: =N34 / (N34 + P34) -> 0.73076923 | Q36: =Q34 / (Q34 + S34) -> 0.33333333

Sheet rodada 7
B1: Parafusos | E1: Arruelas | H1: Alfinete | K1: Porta Agulhas | N1: Allis | Q1: Anatomica
A2: filename | B2: VP | C2: FP | D2: FN | E2: VP | F2: FP | G2: FN | H2: VP | I2: FP | J2: FN | K2: VP | L2: FP | M2: FN | N2: VP | O2: FP | P2: FN | Q2: VP | R2: FP | S2: FN
A3: Mid_Chaos_Rodada_7_Imagem 1 | B3: 0 | C3: 0 | D3: 5 | E3: 0 | F3: 0 | G3: 5 | H3: 1 | I3: 0 | J3: 0 | K3: 1 | L3: 0 | M3: 1 | N3: 0 | O3: 1 | P3: 1 | Q3: 1 | R3: 0 | S3: 0
A4: Mid_Chaos_Rodada_7_Imagem 10 | B4: 0 | C4: 0 | D4: 5 | E4: 0 | F4: 0 | G4: 0 | H4: 0 | I4: 0 | J4: 0 | K4: 0 | L4: 0 | M4: 0 | N4: 0 | O4: 0 | P4: 0 | Q4: 1 | R4: 0 | S4: 0
A5: Mid_Chaos_Rodada_7_Imagem 11 | B5: 0 | C5: 0 | D5: 5 | E5: 0 | F5: 0 | G5: 0 | H5: 0 | I5: 0 | J5: 0 | K5: 0 | L5: 0 | M5: 0 | N5: 0 | O5: 0 | P5: 0 | Q5: 0 | R5: 0 | S5: 0
A6: Mid_Chaos_Rodada_7_Imagem 12 | B6: 2 | C6: 0 | D6: 2 | E6: 0 | F6: 0 | G6: 0 | H6: 0 | I6: 0 | J6: 0 | K6: 0 | L6: 0 | M6: 0 | N6: 0 | O6: 0 | P6: 0 | Q6: 0 | R6: 0 | S6: 0
A7: Mid_Chaos_Rodada_7_Imagem 13 | B7: 1 | C7: 0 | D7: 2 | E7: 0 | F7: 0 | G7: 0 | H7: 0 | I7: 0 | J7: 0 | K7: 0 | L7: 0 | M7: 0 | N7: 0 | O7: 0 | P7: 0 | Q7: 0 | R7: 0 | S7: 0
A8: Mid_Chaos_Rodada_7_Imagem 14 | B8: 0 | C8: 0 | D8: 2 | E8: 0 | F8: 0 | G8: 0 | H8: 0 | I8: 0 | J8: 0 | K8: 0 | L8: 0 | M8: 0 | N8: 0 | O8: 0 | P8: 0 | Q8: 0 | R8: 0 | S8: 0
A9: Mid_Chaos_Rodada_7_Imagem 15 | B9: 1 | C9: 0 | D9: 0 | E9: 0 | F9: 0 | G9: 0 | H9: 0 | I9: 0 | J9: 0 | K9: 0 | L9: 0 | M9: 0 | N9: 0 | O9: 0 | P9: 0 | Q9: 0 | R9: 0 | S9: 0
A10: Mid_Chaos_Rodada_7_Imagem 16 | B10: 0 | C10: 0 | D10: 0 | E10: 0 | F10: 0 | G10: 0 | H10: 0 | I10: 0 | J10: 0 | K10: 0 | L10: 0 | M10: 0 | N10: 0 | O10: 0 | P10: 0 | Q10: 0 | R10: 0 | S10: 0
A11: Mid_Chaos_Rodada_7_Imagem 17 | B11: 0 | C11: 0 | D11: 0 | E11: 0 | F11: 0 | G11: 0 | H11: 0 | I11: 0 | J11: 0 | K11: 0 | L11: 0 | M11: 0 | N11: 1 | O11: 0 | P11: 0 | Q11: 0 | R11: 0 | S11: 0
A12: Mid_Chaos_Rodada_7_Imagem 18 | B12: 0 | C12: 0 | D12: 0 | E12: 0 | F12: 0 | G12: 0 | H12: 0 | I12: 0 | J12: 0 | K12: 1 | L12: 0 | M12: 0 | N12: 1 | O12: 0 | P12: 0 | Q12: 0 | R12: 0 | S12: 0
A13: Mid_Chaos_Rodada_7_Imagem 19 | B13: 0 | C13: 0 | D13: 0 | E13: 0 | F13: 0 | G13: 0 | H13: 0 | I13: 0 | J13: 1 | K13: 1 | L13: 0 | M13: 0 | N13: 1 | O13: 0 | P13: 0 | Q13: 0 | R13: 0 | S13: 0
A14: Mid_Chaos_Rodada_7_Imagem 2 | B14: 0 | C14: 0 | D14: 5 | E14: 0 | F14: 0 | G14: 5 | H14: 1 | I14: 0 | J14: 0 | K14: 1 | L14: 0 | M14: 1 | N14: 0 | O14: 0 | P14: 0 | Q14: 1 | R14: 0 | S14: 0
... A33: Mid_Chaos_Rodada_7_Imagem 9 | B33: 0 | C33: 0 | D33: 5 | E33: 0 | F33: 0 | G33: 0 | H33: 1 | I33: 0 | J33: 0 | K33: 0 | L33: 0 | M33: 0 | N33: 0 | O33: 0 | P33: 0 | Q33: 1 | R33: 0 | S33: 0
A34: Total: | B34: =SUM(B3:B33) -> 24 | C34: =SUM(C3:C33) -> 0 | D34: =SUM(D3:D33) -> 81 | E34: =SUM(E3:E33) -> 5 | F34: =SUM(F3:F33) -> 0 | G34: =SUM(G3:G33) -> 32 | H34: =SUM(H3:H33) -> 18 | I34: =SUM(I3:I33) -> 0 | ... S34: =SUM(S3:S33) -> 0
A35: Precisão: | B35: =B34 / (B34 + C34) -> 1 | E35: =E34 / (E34 + F34) -> 1 | H35: =H34 / (H34 + I34) -> 1 | K35: =K34 / (K34 + L34) -> 0.96969697 | N35: =N34 / (N34 + O34) -> 0.92857143 | Q35: =Q34 / (Q34 + R34) -> 1
A36: Acurácia | B36: =B34 / (B34 + D34) -> 0.22857143 | E36: =E34 / (E34 + G34) -> 0.13513514 | H36: =H34 / (H34 + J34) -> 0.81818182 | K36: =K34 / (K34 + M34) -> 0.84210526 | N36: =N34 / (N34 + P34) -> 0.8125 | Q36: =Q34 / (Q34 + S34) -> 1

Sheet rodada 8
B1: Parafusos | E1: Arruelas | H1: Alfinete | K1: Porta Agulhas | N1: Allis | Q1: Anatomica
A2: filename | B2: VP | C2: FP | D2: FN | E2: VP | F2: FP | G2: FN | H2: VP | I2: FP | J2: FN | K2: VP | L2: FP | M2: FN | N2: VP | O2: FP | P2: FN | Q2: VP | R2: FP | S2: FN
A3: Mid_Chaos_Rodada_8_Imagem 1 | B3: 3 | C3: 0 | D3: 2 | E3: 1 | F3: 0 | G3: 4 | H3: 1 | I3: 0 | J3: 0 | K3: 2 | L3: 0 | M3: 0 | N3: 1 | O3: 0 | P3: 0 | Q3: 1 | R3: 0 | S3: 0
A4: Mid_Chaos_Rodada_8_Imagem 10 | B4: 0 | C4: 0 | D4: 0 | E4: 1 | F4: 0 | G4: 1 | H4: 1 | I4: 0 | J4: 0 | K4: 2 | L4: 0 | M4: 0 | N4: 1 | O4: 0 | P4: 0 | Q4: 0 | R4: 0 | S4: 0
A5: Mid_Chaos_Rodada_8_Imagem 11 | B5: 0 | C5: 0 | D5: 0 | E5: 0 | F5: 0 | G5: 1 | H5: 0 | I5: 0 | J5: 1 | K5: 2 | L5: 0 | M5: 0 | N5: 1 | O5: 0 | P5: 0 | Q5: 0 | R5: 0 | S5: 0
A6: Mid_Chaos_Rodada_8_Imagem 12 | B6: 0 | C6: 0 | D6: 0 | E6: 0 | F6: 0 | G6: 0 | H6: 0 | I6: 0 | J6: 1 | K6: 2 | L6: 0 | M6: 0 | N6: 1 | O6: 0 | P6: 0 | Q6: 0 | R6: 0 | S6: 0
A7: Mid_Chaos_Rodada_8_Imagem 13 | B7: 0 | C7: 0 | D7: 0 | E7: 0 | F7: 0 | G7: 0 | H7: 1 | I7: 0 | J7: 0 | K7: 1 | L7: 0 | M7: 0 | N7: 1 | O7: 0 | P7: 0 | Q7: 0 | R7: 0 | S7: 0
A8: Mid_Chaos_Rodada_8_Imagem 14 | B8: 0 | C8: 0 | D8: 0 | E8: 0 | F8: 0 | G8: 0 | H8: 0 | I8: 0 | J8: 1 | K8: 1 | L8: 0 | M8: 0 | N8: 0 | O8: 0 | P8: 0 | Q8: 0 | R8: 0 | S8: 0
A9: Mid_Chaos_Rodada_8_Imagem 15 | B9: 0 | C9: 0 | D9: 0 | E9: 0 | F9: 0 | G9: 0 | H9: 0 | I9: 0 | J9: 1 | K9: 0 | L9: 0 | M9: 0 | N9: 0 | O9: 0 | P9: 0 | Q9: 0 | R9: 0 | S9: 0
A10: Mid_Chaos_Rodada_8_Imagem 16 | B10: 0 | C10: 0 | D10: 0 | E10: 0 | F10: 0 | G10: 0 | H10: 0 | I10: 0 | J10: 0 | K10: 0 | L10: 0 | M10: 0 | N10: 0 | O10: 0 | P10: 0 | Q10: 0 | R10: 0 | S10: 0
A11: Mid_Chaos_Rodada_8_Imagem 17 | B11: 0 | C11: 0 | D11: 0 | E11: 0 | F11: 0 | G11: 0 | H11: 1 | I11: 0 | J11: 0 | K11: 0 | L11: 0 | M11: 0 | N11: 0 | O11: 0 | P11: 0 | Q11: 0 | R11: 0 | S11: 0
A12: Mid_Chaos_Rodada_8_Imagem 18 | B12: 0 | C12: 0 | D12: 0 | E12: 0 | F12: 0 | G12: 0 | H12: 1 | I12: 0 | J12: 0 | K12: 1 | L12: 0 | M12: 0 | N12: 0 | O12: 0 | P12: 0 | Q12: 0 | R12: 0 | S12: 0
A13: Mid_Chaos_Rodada_8_Imagem 19 | B13: 0 | C13: 0 | D13: 0 | E13: 0 | F13: 0 | G13: 0 | H13: 1 | I13: 0 | J13: 0 | K13: 1 | L13: 0 | M13: 0 | N13: 1 | O13: 0 | P13: 0 | Q13: 0 | R13: 0 | S13: 0
A14: Mid_Chaos_Rodada_8_Imagem 2 | B14: 2 | C14: 0 | D14: 2 | E14: 1 | F14: 0 | G14: 4 | H14: 1 | I14: 0 | J14: 0 | K14: 2 | L14: 0 | M14: 0 | N14: 1 | O14: 0 | P14: 0 | Q14: 1 | R14: 0 | S14: 0
... A33: Mid_Chaos_Rodada_8_Imagem 9 | B33: 0 | C33: 0 | D33: 0 | E33: 1 | F33: 0 | G33: 2 | H33: 1 | I33: 0 | J33: 0 | K33: 2 | L33: 0 | M33: 0 | N33: 1 | O33: 0 | P33: 0 | Q33: 0 | R33: 0 | S33: 0
A34: Total: | B34: =SUM(B3:B33) -> 18 | C34: =SUM(C3:C33) -> 0 | D34: =SUM(D3:D33) -> 13 | E34: =SUM(E3:E33) -> 10 | F34: =SUM(F3:F33) -> 0 | G34: =SUM(G3:G33) -> 75 | H34: =SUM(H3:H33) -> 23 | I34: =SUM(I3:I33) -> 0 | ... S34: =SUM(S3:S33) -> 12
A35: Precisão: | B35: =B34 / (B34 + C34) -> 1 | E35: =E34 / (E34 + F34) -> 1 | H35: =H34 / (H34 + I34) -> 1 | K35: =K34 / (K34 + L34) -> 0.92592593 | N35: =N34 / (N34 + O34) -> 1 | Q35: =Q34 / (Q34 + R34) -> 1
A36: Acurácia | B36: =B34 / (B34 + D34) -> 0.58064516 | E36: =E34 / (E34 + G34) -> 0.11764706 | H36: =H34 / (H34 + J34) -> 0.76666667 | K36: =K34 / (K34 + M34) -> 0.98039216 | N36: =N34 / (N34 + P34) -> 0.88461538 | Q36: =Q34 / (Q34 + S34) -> 0.29411765

Sheet rodada 9
B1: Parafusos | E1: Arruelas | H1: Alfinete | K1: Porta Agulhas | N1: Allis | Q1: Anatomica
A2: filename | B2: VP | C2: FP | D2: FN | E2: VP | F2: FP | G2: FN | H2: VP | I2: FP | J2: FN | K2: VP | L2: FP | M2: FN | N2: VP | O2: FP | P2: FN | Q2: VP | R2: FP | S2: FN
A3: Mid_Chaos_Rodada_9_Imagem 1 | B3: 0 | C3: 0 | D3: 5 | E3: 1 | F3: 0 | G3: 4 | H3: 1 | I3: 0 | J3: 0 | K3: 2 | L3: 0 | M3: 0 | N3: 1 | O3: 0 | P3: 0 | Q3: 0 | R3: 0 | S3: 1
A4: Mid_Chaos_Rodada_9_Imagem 10 | B4: 0 | C4: 0 | D4: 1 | E4: 0 | F4: 0 | G4: 0 | H4: 1 | I4: 0 | J4: 0 | K4: 1 | L4: 0 | M4: 1 | N4: 1 | O4: 0 | P4: 0 | Q4: 0 | R4: 0 | S4: 1
A5: Mid_Chaos_Rodada_9_Imagem 11 | B5: 0 | C5: 0 | D5: 0 | E5: 0 | F5: 0 | G5: 0 | H5: 1 | I5: 0 | J5: 0 | K5: 1 | L5: 0 | M5: 1 | N5: 1 | O5: 0 | P5: 0 | Q5: 0 | R5: 0 | S5: 1
A6: Mid_Chaos_Rodada_9_Imagem 12 | B6: 0 | C6: 0 | D6: 0 | E6: 0 | F6: 0 | G6: 0 | H6: 0 | I6: 0 | J6: 0 | K6: 2 | L6: 0 | M6: 0 | N6: 1 | O6: 0 | P6: 0 | Q6: 0 | R6: 0 | S6: 1
A7: Mid_Chaos_Rodada_9_Imagem 13 | B7: 0 | C7: 0 | D7: 0 | E7: 0 | F7: 0 | G7: 0 | H7: 0 | I7: 0 | J7: 0 | K7: 1 | L7: 0 | M7: 0 | N7: 1 | O7: 0 | P7: 0 | Q7: 0 | R7: 0 | S7: 1
A8: Mid_Chaos_Rodada_9_Imagem 14 | B8: 0 | C8: 0 | D8: 0 | E8: 0 | F8: 0 | G8: 0 | H8: 0 | I8: 0 | J8: 0 | K8: 0 | L8: 0 | M8: 0 | N8: 1 | O8: 0 | P8: 0 | Q8: 0 | R8: 0 | S8: 1
A9: Mid_Chaos_Rodada_9_Imagem 15 | B9: 0 | C9: 0 | D9: 0 | E9: 0 | F9: 0 | G9: 0 | H9: 0 | I9: 0 | J9: 0 | K9: 0 | L9: 0 | M9: 0 | N9: 1 | O9: 0 | P9: 0 | Q9: 0 | R9: 0 | S9: 0
A10: Mid_Chaos_Rodada_9_Imagem 16 | B10: 0 | C10: 0 | D10: 0 | E10: 0 | F10: 0 | G10: 0 | H10: 0 | I10: 0 | J10: 0 | K10: 0 | L10: 0 | M10: 0 | N10: 0 | O10: 0 | P10: 0 | Q10: 0 | R10: 0 | S10: 0
A11: Mid_Chaos_Rodada_9_Imagem 17 | B11: 0 | C11: 0 | D11: 0 | E11: 0 | F11: 0 | G11: 1 | H11: 0 | I11: 0 | J11: 0 | K11: 0 | L11: 0 | M11: 0 | N11: 0 | O11: 0 | P11: 0 | Q11: 0 | R11: 0 | S11: 0
A12: Mid_Chaos_Rodada_9_Imagem 18 | B12: 0 | C12: 0 | D12: 0 | E12: 1 | F12: 0 | G12: 1 | H12: 0 | I12: 0 | J12: 0 | K12: 0 | L12: 0 | M12: 0 | N12: 0 | O12: 0 | P12: 0 | Q12: 0 | R12: 0 | S12: 0
A13: Mid_Chaos_Rodada_9_Imagem 19 | B13: 0 | C13: 0 | D13: 0 | E13: 1 | F13: 0 | G13: 1 | H13: 0 | I13: 0 | J13: 0 | K13: 0 | L13: 0 | M13: 0 | N13: 1 | O13: 0 | P13: 0 | Q13: 0 | R13: 0 | S13: 0
A14: Mid_Chaos_Rodada_9_Imagem 2 | B14: 0 | C14: 0 | D14: 4 | E14: 0 | F14: 0 | G14: 5 | H14: 1 | I14: 0 | J14: 0 | K14: 2 | L14: 0 | M14: 0 | N14: 1 | O14: 0 | P14: 0 | Q14: 0 | R14: 0 | S14: 1
... A33: Mid_Chaos_Rodada_9_Imagem 9 | B33: 0 | C33: 0 | D33: 1 | E33: 0 | F33: 0 | G33: 1 | H33: 1 | I33: 0 | J33: 0 | K33: 1 | L33: 0 | M33: 1 | N33: 1 | O33: 0 | P33: 0 | Q33: 0 | R33: 0 | S33: 1
A34: Total: | B34: =SUM(B3:B33) -> 8 | C34: =SUM(C3:C33) -> 0 | D34: =SUM(D3:D33) -> 41 | E34: =SUM(E3:E33) -> 9 | F34: =SUM(F3:F33) -> 0 | G34: =SUM(G3:G33) -> 66 | H34: =SUM(H3:H33) -> 18 | I34: =SUM(I3:I33) -> 0 | ... S34: =SUM(S3:S33) -> 22
A35: Precisão: | B35: =B34 / (B34 + C34) -> 1 | E35: =E34 / (E34 + F34) -> 1 | H35: =H34 / (H34 + I34) -> 1 | K35: =K34 / (K34 + L34) -> 1 | N35: =N34 / (N34 + O34) -> 0.96296296 | Q35: =Q34 / (Q34 + R34) -> 1
A36: Acurácia | B36: =B34 / (B34 + D34) -> 0.16326531 | E36: =E34 / (E34 + G34) -> 0.12 | H36: =H34 / (H34 + J34) -> 0.94736842 | K36: =K34 / (K34 + M34) -> 0.7826087 | N36: =N34 / (N34 + P34) -> 0.92857143 | Q36: =Q34 / (Q34 + S34) -> 0.043478261

Sheet rodada 10
B1: Parafusos | E1: Arruelas | H1: Alfinete | K1: Porta Agulhas | N1: Allis | Q1: Anatomica
A2: filename | B2: VP | C2: FP | D2: FN | E2: VP | F2: FP | G2: FN | H2: VP | I2: FP | J2: FN | K2: VP | L2: FP | M2: FN | N2: VP | O2: FP | P2: FN | Q2: VP | R2: FP | S2: FN
A3: Mid_Chaos_Rodada_10_Imagem 1 | B3: 0 | C3: 0 | D3: 5 | E3: 2 | F3: 0 | G3: 3 | H3: 0 | I3: 0 | J3: 1 | K3: 2 | L3: 0 | M3: 0 | N3: 1 | O3: 0 | P3: 0 | Q3: 0 | R3: 0 | S3: 1
A4: Mid_Chaos_Rodada_10_Imagem 10 | B4: 2 | C4: 0 | D4: 2 | E4: 0 | F4: 0 | G4: 0 | H4: 0 | I4: 0 | J4: 0 | K4: 1 | L4: 0 | M4: 0 | N4: 0 | O4: 0 | P4: 0 | Q4: 0 | R4: 0 | S4: 1
A5: Mid_Chaos_Rodada_10_Imagem 11 | B5: 1 | C5: 0 | D5: 3 | E5: 0 | F5: 0 | G5: 0 | H5: 0 | I5: 0 | J5: 0 | K5: 1 | L5: 0 | M5: 0 | N5: 0 | O5: 0 | P5: 0 | Q5: 0 | R5: 0 | S5: 0
A6: Mid_Chaos_Rodada_10_Imagem 12 | B6: 1 | C6: 0 | D6: 3 | E6: 0 | F6: 0 | G6: 0 | H6: 0 | I6: 0 | J6: 0 | K6: 0 | L6: 0 | M6: 0 | N6: 0 | O6: 0 | P6: 0 | Q6: 0 | R6: 0 | S6: 0
A7: Mid_Chaos_Rodada_10_Imagem 13 | B7: 1 | C7: 0 | D7: 2 | E7: 0 | F7: 0 | G7: 0 | H7: 0 | I7: 0 | J7: 0 | K7: 0 | L7: 0 | M7: 0 | N7: 0 | O7: 0 | P7: 0 | Q7: 0 | R7: 0 | S7: 0
A8: Mid_Chaos_Rodada_10_Imagem 14 | B8: 2 | C8: 0 | D8: 0 | E8: 0 | F8: 0 | G8: 0 | H8: 0 | I8: 0 | J8: 0 | K8: 0 | L8: 0 | M8: 0 | N8: 0 | O8: 0 | P8: 0 | Q8: 0 | R8: 0 | S8: 0
A9: Mid_Chaos_Rodada_10_Imagem 15 | B9: 1 | C9: 0 | D9: 0 | E9: 0 | F9: 0 | G9: 0 | H9: 0 | I9: 0 | J9: 0 | K9: 0 | L9: 0 | M9: 0 | N9: 0 | O9: 0 | P9: 0 | Q9: 0 | R9: 0 | S9: 0
A10: Mid_Chaos_Rodada_10_Imagem 16 | B10: 0 | C10: 0 | D10: 0 | E10: 0 | F10: 0 | G10: 0 | H10: 0 | I10: 0 | J10: 0 | K10: 0 | L10: 0 | M10: 0 | N10: 0 | O10: 0 | P10: 0 | Q10: 0 | R10: 0 | S10: 0
A11: Mid_Chaos_Rodada_10_Imagem 17 | B11: 0 | C11: 0 | D11: 0 | E11: 0 | F11: 0 | G11: 0 | H11: 0 | I11: 0 | J11: 0 | K11: 1 | L11: 0 | M11: 0 | N11: 0 | O11: 0 | P11: 0 | Q11: 0 | R11: 0 | S11: 0
A12: Mid_Chaos_Rodada_10_Imagem 18 | B12: 0 | C12: 0 | D12: 0 | E12: 0 | F12: 0 | G12: 0 | H12: 0 | I12: 0 | J12: 0 | K12: 2 | L12: 0 | M12: 0 | N12: 0 | O12: 0 | P12: 0 | Q12: 0 | R12: 0 | S12: 0
A13: Mid_Chaos_Rodada_10_Imagem 19 | B13: 0 | C13: 0 | D13: 0 | E13: 0 | F13: 0 | G13: 0 | H13: 0 | I13: 0 | J13: 0 | K13: 2 | L13: 0 | M13: 0 | N13: 1 | O13: 0 | P13: 0 | Q13: 0 | R13: 0 | S13: 0
A14: Mid_Chaos_Rodada_10_Imagem 2 | B14: 0 | C14: 0 | D14: 5 | E14: 2 | F14: 0 | G14: 3 | H14: 0 | I14: 0 | J14: 0 | K14: 2 | L14: 0 | M14: 0 | N14: 1 | O14: 0 | P14: 0 | Q14: 0 | R14: 0 | S14: 1
... A33: Mid_Chaos_Rodada_10_Imagem 9 | B33: 1 | C33: 0 | D33: 3 | E33: 0 | F33: 0 | G33: 0 | H33: 0 | I33: 0 | J33: 0 | K33: 2 | L33: 0 | M33: 0 | N33: 0 | O33: 0 | P33: 0 | Q33: 0 | R33: 0 | S33: 1
A34: Total: | B34: =SUM(B3:B33) -> 28 | C34: =SUM(C3:C33) -> 0 | D34: =SUM(D3:D33) -> 68 | E34: =SUM(E3:E33) -> 11 | F34: =SUM(F3:F33) -> 0 | G34: =SUM(G3:G33) -> 29 | H34: =SUM(H3:H33) -> 11 | I34: =SUM(I3:I33) -> 0 | ... S34: =SUM(S3:S33) -> 11
A35: Precisão: | B35: =B34 / (B34 + C34) -> 1 | E35: =E34 / (E34 + F34) -> 1 | H35: =H34 / (H34 + I34) -> 1 | K35: =K34 / (K34 + L34) -> 0.81666667 | N35: =N34 / (N34 + O34) -> 1 | Q35: =Q34 / (Q34 + R34) -> 1
A36: Acurácia | B36: =B34 / (B34 + D34) -> 0.29166667 | E36: =E34 / (E34 + G34) -> 0.275 | H36: =H34 / (H34 + J34) -> 0.84615385 | K36: =K34 / (K34 + M34) -> 1 | N36: =N34 / (N34 + P34) -> 0.47619048 | Q36: =Q34 / (Q34 + S34) -> 0.47619048

Sheet resumo
B1: Parafusos | E1: Arruelas | H1: Alfinete | K1: Porta Agulhas | N1: Allis | Q1: Anatomica
B2: VP | C2: FP | D2: FN | E2: VP | F2: FP | G2: FN | H2: VP | I2: FP | J2: FN | K2: VP | L2: FP | M2: FN | N2: VP | O2: FP | P2: FN | Q2: VP | R2: FP | S2: FN
B3: =SUM('rodada 1'!B34,'rodada 2'!B34,'rodada 3'!B34,'rodada 4'!B34,'rodada 5'!B34,'rodada 6'!B34,'rodada 7'!B34,'rodada 8'!B34,'rodada 9'!B34,'rodada 10'!B34,) -> 133 | C3: =SUM('rodada 1'!C34,'rodada 2'!C34,'rodada 3'!C34,'rodada 4'!C34,'rodada 5'!C34,'rodada 6'!C34,'rodada 7'!C34,'rodada 8'!C34,'rodada 9'!C34,'rodada 10'!C34,) -> 0 | D3: =SUM('rodada 1'!D34,'rodada 2'!D34,'rodada 3'!D34,'rodada 4'!D34,'rodada 5'!D34,'rodada 6'!D34,'rodada 7'!D34,'rodada 8'!D34,'rodada 9'!D34,'rodada 10'!D34,) -> 357 | E3: =SUM('rodada 1'!E34,'rodada 2'!E34,'rodada 3'!E34,'rodada 4'!E34,'rodada 5'!E34,'rodada 6'!E34,'rodada 7'!E34,'rodada 8'!E34,'rodada 9'!E34,'rodada 10'!E34,) -> 172 | F3: =SUM('rodada 1'!F34,'rodada 2'!F34,'rodada 3'!F34,'rodada 4'!F34,'rodada 5'!F34,'rodada 6'!F34,'rodada 7'!F34,'rodada 8'!F34,'rodada 9'!F34,'rodada 10'!F34,) -> 0 | G3: =SUM('rodada 1'!G34,'rodada 2'!G34,'rodada 3'!G34,'rodada 4'!G34,'rodada 5'!G34,'rodada 6'!G34,'rodada 7'!G34,'rodada 8'!G34,'rodada 9'!G34,'rodada 10'!G34,) -> 517 | H3: =SUM('rodada 1'!H34,'rodada 2'!H34,'rodada 3'!H34,'rodada 4'!H34,'rodada 5'!H34,'rodada 6'!H34,'rodada 7'!H34,'rodada 8'!H34,'rodada 9'!H34,'rodada 10'!H34,) -> 136 | I3: =SUM('rodada 1'!I34,'rodada 2'!I34,'rodada 3'!I34,'rodada 4'!I34,'rodada 5'!I34,'rodada 6'!I34,'rodada 7'!I34,'rodada 8'!I34,'rodada 9'!I34,'rodada 10'!I34,) -> 0 | ... S3: =SUM('rodada 1'!S34,'rodada 2'!S34,'rodada 3'!S34,'rodada 4'!S34,'rodada 5'!S34,'rodada 6'!S34,'rodada 7'!S34,'rodada 8'!S34,'rodada 9'!S34,'rodada 10'!S34,) -> 158
A4: Precisão: | B4: =B3 / (B3 + C3) -> 1 | E4: =E3 / (E3 + F3) -> 1 | H4: =H3 / (H3 + I3) -> 1 | K4: =K3 / (K3 + L3) -> 0.94105691 | N4: =N3 / (N3 + O3) -> 0.98974359 | Q4: =Q3 / (Q3 + R3) -> 1
A5: Acurácia | B5: =B3 / (B3 + D3) -> 0.27142857 | E5: =E3 / (E3 + G3) -> 0.24963716 | H5: =H3 / (H3 + J3) -> 0.58369099 | K5: =K3 / (K3 + M3) -> 0.93914807 | N5: =N3 / (N3 + P3) -> 0.76587302 | Q5: =Q3 / (Q3 + S3) -> 0.34979424
