Workbook

Sheet rodada 1
B1: Parafusos | E1: Arruelas | H1: Alfinete | K1: Porta Agulhas | N1: Allis | Q1: Anatomica
A2: filename | B2: VP | C2: FP | D2: FN | E2: VP | F2: FP | G2: FN | H2: VP | I2: FP | J2: FN | K2: VP | L2: FP | M2: FN | N2: VP | O2: FP | P2: FN | Q2: VP | R2: FP | S2: FN
A3: Max_Chaos_Rodada_1_Imagem 1 | B3: 0 | C3: 2 | D3: 2 | E3: 0 | F3: 0 | G3: 2 | H3: 1 | I3: 0 | J3: 0 | K3: 1 | L3: 0 | M3: 0 | N3: 1 | O3: 0 | P3: 0 | Q3: 0 | R3: 0 | S3: 1
A4: Max_Chaos_Rodada_1_Imagem 10 | B4: 0 | C4: 0 | D4: 1 | E4: 0 | F4: 1 | G4: 0 | H4: 0 | I4: 0 | J4: 0 | K4: 1 | L4: 0 | M4: 0 | N4: 0 | O4: 0 | P4: 0 | Q4: 0 | R4: 0 | S4: 0
A5: Max_Chaos_Rodada_1_Imagem 11 | B5: 0 | C5: 0 | D5: 1 | E5: 0 | F5: 1 | G5: 0 | H5: 0 | I5: 0 | J5: 0 | K5: 1 | L5: 0 | M5: 0 | N5: 0 | O5: 0 | P5: 0 | Q5: 0 | R5: 0 | S5: 0
A6: Max_Chaos_Rodada_1_Imagem 12 | B6: 0 | C6: 0 | D6: 1 | E6: 0 | F6: 0 | G6: 0 | H6: 0 | I6: 0 | J6: 0 | K6: 1 | L6: 0 | M6: 0 | N6: 0 | O6: 0 | P6: 0 | Q6: 0 | R6: 0 | S6: 0
A7: Max_Chaos_Rodada_1_Imagem 13 | B7: 0 | C7: 0 | D7: 1 | E7: 0 | F7: 0 | G7: 0 | H7: 0 | I7: 0 | J7: 0 | K7: 1 | L7: 0 | M7: 0 | N7: 0 | O7: 0 | P7: 0 | Q7: 0 | R7: 0 | S7: 0
A8: Max_Chaos_Rodada_1_Imagem 14 | B8: 0 | C8: 0 | D8: 1 | E8: 0 | F8: 0 | G8: 0 | H8: 0 | I8: 0 | J8: 0 | K8: 0 | L8: 0 | M8: 0 | N8: 0 | O8: 0 | P8: 0 | Q8: 0 | R8: 0 | S8: 0
A9: Max_Chaos_Rodada_1_Imagem 15 | B9: 0 | C9: 0 | D9: 0 | E9: 0 | F9: 0 | G9: 0 | H9: 0 | I9: 0 | J9: 0 | K9: 0 | L9: 0 | M9: 0 | N9: 0 | O9: 0 | P9: 0 | Q9: 0 | R9: 0 | S9: 0
A10: Max_Chaos_Rodada_1_Imagem 16 | B10: 1 | C10: 0 | D10: 0 | E10: 0 | F10: 0 | G10: 0 | H10: 0 | I10: 0 | J10: 0 | K10: 0 | L10: 0 | M10: 0 | N10: 0 | O10: 0 | P10: 0 | Q10: 0 | R10: 0 | S10: 0
A11: Max_Chaos_Rodada_1_Imagem 17 | B11: 1 | C11: 0 | D11: 0 | E11: 0 | F11: 0 | G11: 0 | H11: 0 | I11: 0 | J11: 0 | K11: 0 | L11: 0 | M11: 0 | N11: 0 | O11: 0 | P11: 0 | Q11: 0 | R11: 0 | S11: 0
A12: Max_Chaos_Rodada_1_Imagem 18 | B12: 1 | C12: 0 | D12: 1 | E12: 0 | F12: 0 | G12: 0 | H12: 0 | I12: 0 | J12: 0 | K12: 0 | L12: 0 | M12: 0 | N12: 0 | O12: 0 | P12: 0 | Q12: 0 | R12: 0 | S12: 0
A13: Max_Chaos_Rodada_1_Imagem 19 | B13: 1 | C13: 0 | D13: 1 | E13: 0 | F13: 0 | G13: 0 | H13: 0 | I13: 0 | J13: 0 | K13: 0 | L13: 0 | M13: 0 | N13: 1 | O13: 0 | P13: 0 | Q13: 0 | R13: 0 | S13: 0
A14: Max_Chaos_Rodada_1_Imagem 2 | B14: 0 | C14: 2 | D14: 2 | E14: 0 | F14: 0 | G14: 2 | H14: 1 | I14: 0 | J14: 0 | K14: 1 | L14: 0 | M14: 0 | N14: 1 | O14: 0 | P14: 0 | Q14: 0 | R14: 0 | S14: 1
... A36: Max_Chaos_Rodada_1_Imagem 9 | B36: 0 | C36: 0 | D36: 1 | E36: 0 | F36: 0 | G36: 1 | H36: 0 | I36: 0 | J36: 0 | K36: 1 | L36: 0 | M36: 0 | N36: 0 | O36: 0 | P36: 0 | Q36: 0 | R36: 0 | S36: 0
A37: Total: | B37: =SUM(B3:B36) -> 28 | C37: =SUM(C3:C36) -> 18 | D37: =SUM(D3:D36) -> 27 | E37: =SUM(E3:E36) -> 1 | F37: =SUM(F3:F36) -> 2 | G37: =SUM(G3:G36) -> 12 | H37: =SUM(H3:H36) -> 14 | I37: =SUM(I3:I36) -> 0 | ... S37: =SUM(S3:S36) -> 6
A38: Precisão: | B38: =B37 / (B37 + C37) -> 0.60869565 | E38: =E37 / (E37 + F37) -> 0.33333333 | H38: =H37 / (H37 + I37) -> 1 | K38: =K37 / (K37 + L37) -> 0.82758621 | N38: =N37 / (N37 + O37) -> 1 | Q38: =Q37 / (Q37 + R37) -> 1
A39: Acurácia | B39: =B37 / (B37 + D37) -> 0.50909091 | E39: =E37 / (E37 + G37) -> 0.076923077 | H39: =H37 / (H37 + J37) -> 0.77777778 | K39: =K37 / (K37 + M37) -> 0.96 | N39: =N37 / (N37 + P37) -> 0.42105263 | Q39: =Q37 / (Q37 + S37) -> 0.71428571

Sheet rodada 2
B1: Parafusos | E1: Arruelas | H1: Alfinete | K1: Porta Agulhas | N1: Allis | Q1: Anatomica
A2: filename | B2: VP | C2: FP | D2: FN | E2: VP | F2: FP | G2: FN | H2: VP | I2: FP | J2: FN | K2: VP | L2: FP | M2: FN | N2: VP | O2: FP | P2: FN | Q2: VP | R2: FP | S2: FN
A3: Max_Chaos_Rodada_2_Imagem 1 | B3: 1 | C3: 1 | D3: 1 | E3: 0 | F3: 0 | G3: 2 | H3: 1 | I3: 0 | J3: 0 | K3: 1 | L3: 1 | M3: 0 | N3: 0 | O3: 0 | P3: 1 | Q3: 1 | R3: 0 | S3: 0
A4: Max_Chaos_Rodada_2_Imagem 10 | B4: 0 | C4: 0 | D4: 0 | E4: 0 | F4: 0 | G4: 0 | H4: 1 | I4: 0 | J4: 0 | K4: 0 | L4: 0 | M4: 0 | N4: 1 | O4: 0 | P4: 0 | Q4: 0 | R4: 0 | S4: 0
A5: Max_Chaos_Rodada_2_Imagem 11 | B5: 0 | C5: 1 | D5: 0 | E5: 0 | F5: 0 | G5: 0 | H5: 0 | I5: 0 | J5: 0 | K5: 0 | L5: 0 | M5: 1 | N5: 0 | O5: 1 | P5: 0 | Q5: 0 | R5: 0 | S5: 0
A6: Max_Chaos_Rodada_2_Imagem 12 | B6: 0 | C6: 1 | D6: 0 | E6: 0 | F6: 1 | G6: 0 | H6: 0 | I6: 0 | J6: 0 | K6: 0 | L6: 0 | M6: 0 | N6: 0 | O6: 0 | P6: 0 | Q6: 0 | R6: 0 | S6: 0
A7: Max_Chaos_Rodada_2_Imagem 13 | B7: 0 | C7: 0 | D7: 0 | E7: 0 | F7: 1 | G7: 0 | H7: 0 | I7: 0 | J7: 0 | K7: 0 | L7: 0 | M7: 0 | N7: 0 | O7: 0 | P7: 0 | Q7: 0 | R7: 0 | S7: 0
A8: Max_Chaos_Rodada_2_Imagem 14 | B8: 0 | C8: 0 | D8: 0 | E8: 0 | F8: 0 | G8: 0 | H8: 0 | I8: 0 | J8: 0 | K8: 0 | L8: 0 | M8: 0 | N8: 0 | O8: 0 | P8: 0 | Q8: 0 | R8: 0 | S8: 0
A9: Max_Chaos_Rodada_2_Imagem 15 | B9: 0 | C9: 0 | D9: 0 | E9: 0 | F9: 0 | G9: 0 | H9: 0 | I9: 0 | J9: 0 | K9: 0 | L9: 0 | M9: 0 | N9: 0 | O9: 0 | P9: 0 | Q9: 0 | R9: 0 | S9: 0
A10: Max_Chaos_Rodada_2_Imagem 16 | B10: 0 | C10: 0 | D10: 0 | E10: 0 | F10: 0 | G10: 0 | H10: 0 | I10: 0 | J10: 0 | K10: 0 | L10: 0 | M10: 0 | N10: 0 | O10: 0 | P10: 0 | Q10: 0 | R10: 0 | S10: 0
A11: Max_Chaos_Rodada_2_Imagem 17 | B11: 0 | C11: 0 | D11: 0 | E11: 0 | F11: 0 | G11: 0 | H11: 1 | I11: 0 | J11: 0 | K11: 0 | L11: 0 | M11: 0 | N11: 0 | O11: 0 | P11: 0 | Q11: 0 | R11: 1 | S11: 0
A12: Max_Chaos_Rodada_2_Imagem 18 | B12: 0 | C12: 0 | D12: 0 | E12: 0 | F12: 0 | G12: 0 | H12: 1 | I12: 0 | J12: 0 | K12: 0 | L12: 0 | M12: 0 | N12: 0 | O12: 0 | P12: 0 | Q12: 0 | R12: 1 | S12: 0
A13: Max_Chaos_Rodada_2_Imagem 19 | B13: 0 | C13: 0 | D13: 0 | E13: 0 | F13: 0 | G13: 0 | H13: 1 | I13: 0 | J13: 0 | K13: 0 | L13: 0 | M13: 0 | N13: 1 | O13: 0 | P13: 0 | Q13: 0 | R13: 1 | S13: 0
A14: Max_Chaos_Rodada_2_Imagem 2 | B14: 0 | C14: 1 | D14: 2 | E14: 0 | F14: 0 | G14: 2 | H14: 1 | I14: 0 | J14: 0 | K14: 1 | L14: 1 | M14: 0 | N14: 0 | O14: 0 | P14: 1 | Q14: 1 | R14: 0 | S14: 0
... A34: Max_Chaos_Rodada_2_Imagem 9 | B34: 0 | C34: 1 | D34: 0 | E34: 0 | F34: 0 | G34: 0 | H34: 1 | I34: 0 | J34: 0 | K34: 1 | L34: 0 | M34: 0 | N34: 0 | O34: 0 | P34: 1 | Q34: 0 | R34: 0 | S34: 0
A35: Total: | B35: =SUM(B3:B34) -> 3 | C35: =SUM(C3:C34) -> 26 | D35: =SUM(D3:D34) -> 18 | E35: =SUM(E3:E34) -> 5 | F35: =SUM(F3:F34) -> 6 | G35: =SUM(G3:G34) -> 18 | H35: =SUM(H3:H34) -> 14 | I35: =SUM(I3:I34) -> 0 | ... S35: =SUM(S3:S34) -> 3
A36: Precisão: | B36: =B35 / (B35 + C35) -> 0.10344828 | E36: =E35 / (E35 + F35) -> 0.45454545 | H36: =H35 / (H35 + I35) -> 1 | K36: =K35 / (K35 + L35) -> 0.75862069 | N36: =N35 / (N35 + O35) -> 0.91666667 | Q36: =Q35 / (Q35 + R35) -> 0.15789474
A37: Acurácia | B37: =B35 / (B35 + D35) -> 0.14285714 | E37: =E35 / (E35 + G35) -> 0.2173913 | H37: =H35 / (H35 + J35) -> 0.53846154 | K37: =K35 / (K35 + M35) -> 0.95652174 | N37: =N35 / (N35 + P35) -> 0.45833333 | Q37: =Q35 / (Q35 + S35) -> 0.5

Sheet rodada 3
B1: Parafusos | E1: Arruelas | H1: Alfinete | K1: Porta Agulhas | N1: Allis | Q1: Anatomica
A2: filename | B2: VP | C2: FP | D2: FN | E2: VP | F2: FP | G2: FN | H2: VP | I2: FP | J2: FN | K2: VP | L2: FP | M2: FN | N2: VP | O2: FP | P2: FN | Q2: VP | R2: FP | S2: FN
A3: Max_Chaos_Rodada_3_Imagem 1 | B3: 0 | C3: 1 | D3: 9 | E3: 0 | F3: 0 | G3: 2 | H3: 0 | I3: 0 | J3: 1 | K3: 0 | L3: 0 | M3: 1 | N3: 1 | O3: 0 | P3: 0 | Q3: 1 | R3: 1 | S3: 0
A4: Max_Chaos_Rodada_3_Imagem 10 | B4: 0 | C4: 0 | D4: 7 | E4: 0 | F4: 0 | G4: 2 | H4: 0 | I4: 0 | J4: 1 | K4: 1 | L4: 0 | M4: 0 | N4: 0 | O4: 0 | P4: 0 | Q4: 0 | R4: 0 | S4: 0
A5: Max_Chaos_Rodada_3_Imagem 11 | B5: 0 | C5: 0 | D5: 6 | E5: 0 | F5: 0 | G5: 2 | H5: 0 | I5: 0 | J5: 1 | K5: 1 | L5: 0 | M5: 0 | N5: 0 | O5: 0 | P5: 0 | Q5: 0 | R5: 0 | S5: 0
A6: Max_Chaos_Rodada_3_Imagem 12 | B6: 1 | C6: 0 | D6: 5 | E6: 0 | F6: 0 | G6: 1 | H6: 0 | I6: 0 | J6: 1 | K6: 1 | L6: 0 | M6: 0 | N6: 0 | O6: 0 | P6: 0 | Q6: 0 | R6: 0 | S6: 0
A7: Max_Chaos_Rodada_3_Imagem 13 | B7: 1 | C7: 0 | D7: 5 | E7: 0 | F7: 0 | G7: 1 | H7: 0 | I7: 0 | J7: 1 | K7: 1 | L7: 0 | M7: 0 | N7: 0 | O7: 0 | P7: 0 | Q7: 0 | R7: 0 | S7: 0
A8: Max_Chaos_Rodada_3_Imagem 14 | B8: 1 | C8: 0 | D8: 5 | E8: 0 | F8: 0 | G8: 1 | H8: 0 | I8: 0 | J8: 1 | K8: 1 | L8: 0 | M8: 0 | N8: 0 | O8: 0 | P8: 0 | Q8: 0 | R8: 0 | S8: 0
A9: Max_Chaos_Rodada_3_Imagem 15 | B9: 0 | C9: 0 | D9: 6 | E9: 0 | F9: 0 | G9: 1 | H9: 0 | I9: 0 | J9: 0 | K9: 1 | L9: 0 | M9: 0 | N9: 0 | O9: 0 | P9: 0 | Q9: 0 | R9: 0 | S9: 0
A10: Max_Chaos_Rodada_3_Imagem 16 | B10: 0 | C10: 0 | D10: 6 | E10: 0 | F10: 0 | G10: 1 | H10: 0 | I10: 0 | J10: 0 | K10: 0 | L10: 0 | M10: 0 | N10: 0 | O10: 0 | P10: 0 | Q10: 0 | R10: 0 | S10: 0
A11: Max_Chaos_Rodada_3_Imagem 17 | B11: 0 | C11: 0 | D11: 6 | E11: 0 | F11: 0 | G11: 1 | H11: 0 | I11: 0 | J11: 0 | K11: 0 | L11: 0 | M11: 0 | N11: 0 | O11: 0 | P11: 0 | Q11: 0 | R11: 0 | S11: 0
A12: Max_Chaos_Rodada_3_Imagem 18 | B12: 1 | C12: 0 | D12: 5 | E12: 0 | F12: 0 | G12: 1 | H12: 0 | I12: 0 | J12: 0 | K12: 0 | L12: 0 | M12: 0 | N12: 0 | O12: 0 | P12: 0 | Q12: 0 | R12: 0 | S12: 0
A13: Max_Chaos_Rodada_3_Imagem 19 | B13: 0 | C13: 0 | D13: 6 | E13: 0 | F13: 0 | G13: 1 | H13: 0 | I13: 0 | J13: 0 | K13: 1 | L13: 0 | M13: 0 | N13: 0 | O13: 0 | P13: 0 | Q13: 0 | R13: 0 | S13: 0
A14: Max_Chaos_Rodada_3_Imagem 2 | B14: 0 | C14: 1 | D14: 9 | E14: 0 | F14: 0 | G14: 2 | H14: 0 | I14: 0 | J14: 1 | K14: 0 | L14: 0 | M14: 1 | N14: 0 | O14: 0 | P14: 0 | Q14: 0 | R14: 1 | S14: 1
... A43: Max_Chaos_Rodada_3_Imagem 9 | B43: 0 | C43: 0 | D43: 7 | E43: 1 | F43: 0 | G43: 1 | H43: 0 | I43: 0 | J43: 1 | K43: 1 | L43: 0 | M43: 0 | N43: 0 | O43: 0 | P43: 0 | Q43: 0 | R43: 0 | S43: 0
A44: Total: | B44: =SUM(B3:B43) -> 11 | C44: =SUM(C3:C43) -> 4 | D44: =SUM(D3:D43) -> 222 | E44: =SUM(E3:E43) -> 8 | F44: =SUM(F3:F43) -> 9 | G44: =SUM(G3:G43) -> 44 | H44: =SUM(H3:H43) -> 0 | I44: =SUM(I3:I43) -> 0 | ... S44: =SUM(S3:S43) -> 7
A45: Precisão: | B45: =B44 / (B44 + C44) -> 0.73333333 | E45: =E44 / (E44 + F44) -> 0.47058824 | H45: =H44 / (H44 + I44) -> #DIV/0! | K45: =K44 / (K44 + L44) -> 0.74193548 | N45: =N44 / (N44 + O44) -> 1 | Q45: =Q44 / (Q44 + R44) -> 0.5
A46: Acurácia | B46: =B44 / (B44 + D44) -> 0.0472103 | E46: =E44 / (E44 + G44) -> 0.15384615 | H46: =H44 / (H44 + J44) -> 0 | K46: =K44 / (K44 + M44) -> 0.79310345 | N46: =N44 / (N44 + P44) -> 0.4 | Q46: =Q44 / (Q44 + S44) -> 0.22222222

Sheet rodada 4
B1: Parafusos | E1: Arruelas | H1: Alfinete | K1: Porta Agulhas | N1: Allis | Q1: Anatomica
A2: filename | B2: VP | C2: FP | D2: FN | E2: VP | F2: FP | G2: FN | H2: VP | I2: FP | J2: FN | K2: VP | L2: FP | M2: FN | N2: VP | O2: FP | P2: FN | Q2: VP | R2: FP | S2: FN
A3: Max_Chaos_Rodada_4_Imagem 1 | B3: 0 | C3: 0 | D3: 8 | E3: 2 | F3: 0 | G3: 0 | H3: 1 | I3: 0 | J3: 0 | K3: 1 | L3: 0 | M3: 0 | N3: 0 | O3: 0 | P3: 1 | Q3: 0 | R3: 0 | S3: 1
A4: Max_Chaos_Rodada_4_Imagem 10 | B4: 0 | C4: 0 | D4: 8 | E4: 0 | F4: 0 | G4: 2 | H4: 0 | I4: 0 | J4: 1 | K4: 1 | L4: 1 | M4: 0 | N4: 0 | O4: 0 | P4: 1 | Q4: 0 | R4: 0 | S4: 1
A5: Max_Chaos_Rodada_4_Imagem 11 | B5: 0 | C5: 0 | D5: 7 | E5: 1 | F5: 0 | G5: 2 | H5: 0 | I5: 0 | J5: 1 | K5: 0 | L5: 0 | M5: 1 | N5: 1 | O5: 0 | P5: 0 | Q5: 0 | R5: 0 | S5: 0
A6: Max_Chaos_Rodada_4_Imagem 12 | B6: 0 | C6: 0 | D6: 8 | E6: 1 | F6: 0 | G6: 1 | H6: 0 | I6: 0 | J6: 1 | K6: 1 | L6: 0 | M6: 0 | N6: 1 | O6: 0 | P6: 0 | Q6: 1 | R6: 0 | S6: 0
A7: Max_Chaos_Rodada_4_Imagem 13 | B7: 0 | C7: 0 | D7: 4 | E7: 1 | F7: 0 | G7: 1 | H7: 0 | I7: 0 | J7: 1 | K7: 1 | L7: 0 | M7: 0 | N7: 1 | O7: 0 | P7: 0 | Q7: 0 | R7: 0 | S7: 1
A8: Max_Chaos_Rodada_4_Imagem 14 | B8: 0 | C8: 0 | D8: 4 | E8: 1 | F8: 0 | G8: 1 | H8: 0 | I8: 0 | J8: 0 | K8: 1 | L8: 0 | M8: 0 | N8: 1 | O8: 0 | P8: 0 | Q8: 0 | R8: 0 | S8: 1
A9: Max_Chaos_Rodada_4_Imagem 15 | B9: 0 | C9: 0 | D9: 4 | E9: 0 | F9: 0 | G9: 2 | H9: 0 | I9: 0 | J9: 0 | K9: 0 | L9: 0 | M9: 1 | N9: 0 | O9: 0 | P9: 1 | Q9: 0 | R9: 1 | S9: 1
A10: Max_Chaos_Rodada_4_Imagem 16 | B10: 1 | C10: 0 | D10: 1 | E10: 1 | F10: 0 | G10: 1 | H10: 0 | I10: 0 | J10: 0 | K10: 1 | L10: 0 | M10: 0 | N10: 0 | O10: 0 | P10: 1 | Q10: 0 | R10: 0 | S10: 1
A11: Max_Chaos_Rodada_4_Imagem 17 | B11: 0 | C11: 0 | D11: 2 | E11: 0 | F11: 0 | G11: 2 | H11: 0 | I11: 0 | J11: 0 | K11: 0 | L11: 0 | M11: 1 | N11: 1 | O11: 0 | P11: 0 | Q11: 0 | R11: 0 | S11: 1
A12: Max_Chaos_Rodada_4_Imagem 18 | B12: 0 | C12: 0 | D12: 4 | E12: 0 | F12: 0 | G12: 2 | H12: 0 | I12: 0 | J12: 1 | K12: 1 | L12: 0 | M12: 0 | N12: 1 | O12: 0 | P12: 0 | Q12: 0 | R12: 0 | S12: 1
A13: Max_Chaos_Rodada_4_Imagem 19 | B13: 1 | C13: 0 | D13: 4 | E13: 0 | F13: 0 | G13: 2 | H13: 0 | I13: 0 | J13: 1 | K13: 1 | L13: 0 | M13: 0 | N13: 1 | O13: 0 | P13: 0 | Q13: 1 | R13: 0 | S13: 0
A14: Max_Chaos_Rodada_4_Imagem 2 | B14: 1 | C14: 0 | D14: 7 | E14: 1 | F14: 0 | G14: 1 | H14: 1 | I14: 0 | J14: 0 | K14: 1 | L14: 0 | M14: 0 | N14: 0 | O14: 0 | P14: 0 | Q14: 0 | R14: 0 | S14: 1
... A29: Max_Chaos_Rodada_4_Imagem 9 | B29: 0 | C29: 0 | D29: 8 | E29: 1 | F29: 0 | G29: 1 | H29: 0 | I29: 0 | J29: 1 | K29: 1 | L29: 1 | M29: 0 | N29: 0 | O29: 0 | P29: 1 | Q29: 0 | R29: 0 | S29: 1
A30: Total: | B30: =SUM(B3:B29) -> 18 | C30: =SUM(C3:C29) -> 1 | D30: =SUM(D3:D29) -> 124 | E30: =SUM(E3:E29) -> 19 | F30: =SUM(F3:F29) -> 5 | G30: =SUM(G3:G29) -> 36 | H30: =SUM(H3:H29) -> 2 | I30: =SUM(I3:I29) -> 0 | ... S30: =SUM(S3:S29) -> 22
A31: Precisão: | B31: =B30 / (B30 + C30) -> 0.94736842 | E31: =E30 / (E30 + F30) -> 0.79166667 | H31: =H30 / (H30 + I30) -> 1 | K31: =K30 / (K30 + L30) -> 0.81818182 | N31: =N30 / (N30 + O30) -> 1 | Q31: =Q30 / (Q30 + R30) -> 0.66666667
A32: Acurácia | B32: =B30 / (B30 + D30) -> 0.12676056 | E32: =E30 / (E30 + G30) -> 0.34545455 | H32: =H30 / (H30 + J30) -> 0.11764706 | K32: =K30 / (K30 + M30) -> 0.75 | N32: =N30 / (N30 + P30) -> 0.63157895 | Q32: =Q30 / (Q30 + S30) -> 0.15384615

Sheet rodada 5
B1: Parafusos | E1: Arruelas | H1: Alfinete | K1: Porta Agulhas | N1: Allis | Q1: Anatomica
A2: filename | B2: VP | C2: FP | D2: FN | E2: VP | F2: FP | G2: FN | H2: VP | I2: FP | J2: FN | K2: VP | L2: FP | M2: FN | N2: VP | O2: FP | P2: FN | Q2: VP | R2: FP | S2: FN
A3: Max_Chaos_Rodada_5_Imagem 1 | B3: 2 | C3: 0 | D3: 2 | E3: 0 | F3: 0 | G3: 3 | H3: 1 | I3: 0 | J3: 0 | K3: 1 | L3: 0 | M3: 0 | N3: 1 | O3: 0 | P3: 0 | Q3: 0 | R3: 0 | S3: 1
A4: Max_Chaos_Rodada_5_Imagem 10 | B4: 0 | C4: 0 | D4: 8 | E4: 1 | F4: 0 | G4: 1 | H4: 0 | I4: 0 | J4: 0 | K4: 1 | L4: 0 | M4: 0 | N4: 0 | O4: 0 | P4: 0 | Q4: 0 | R4: 1 | S4: 0
A5: Max_Chaos_Rodada_5_Imagem 11 | B5: 0 | C5: 0 | D5: 8 | E5: 1 | F5: 0 | G5: 1 | H5: 0 | I5: 0 | J5: 0 | K5: 1 | L5: 0 | M5: 0 | N5: 0 | O5: 0 | P5: 0 | Q5: 0 | R5: 0 | S5: 0
A6: Max_Chaos_Rodada_5_Imagem 12 | B6: 1 | C6: 2 | D6: 6 | E6: 0 | F6: 0 | G6: 2 | H6: 1 | I6: 0 | J6: 0 | K6: 1 | L6: 0 | M6: 0 | N6: 0 | O6: 0 | P6: 0 | Q6: 0 | R6: 0 | S6: 0
A7: Max_Chaos_Rodada_5_Imagem 13 | B7: 1 | C7: 1 | D7: 5 | E7: 0 | F7: 0 | G7: 2 | H7: 1 | I7: 0 | J7: 0 | K7: 1 | L7: 0 | M7: 0 | N7: 0 | O7: 0 | P7: 0 | Q7: 1 | R7: 0 | S7: 0
A8: Max_Chaos_Rodada_5_Imagem 14 | B8: 1 | C8: 0 | D8: 5 | E8: 0 | F8: 0 | G8: 2 | H8: 1 | I8: 0 | J8: 0 | K8: 0 | L8: 0 | M8: 0 | N8: 0 | O8: 0 | P8: 1 | Q8: 1 | R8: 0 | S8: 0
A9: Max_Chaos_Rodada_5_Imagem 15 | B9: 1 | C9: 0 | D9: 5 | E9: 0 | F9: 0 | G9: 2 | H9: 1 | I9: 0 | J9: 0 | K9: 1 | L9: 0 | M9: 1 | N9: 1 | O9: 0 | P9: 0 | Q9: 1 | R9: 0 | S9: 0
A10: Max_Chaos_Rodada_5_Imagem 16 | B10: 0 | C10: 0 | D10: 6 | E10: 0 | F10: 0 | G10: 2 | H10: 0 | I10: 0 | J10: 0 | K10: 1 | L10: 0 | M10: 1 | N10: 0 | O10: 0 | P10: 1 | Q10: 1 | R10: 0 | S10: 0
A11: Max_Chaos_Rodada_5_Imagem 17 | B11: 0 | C11: 0 | D11: 6 | E11: 0 | F11: 0 | G11: 2 | H11: 0 | I11: 0 | J11: 1 | K11: 2 | L11: 0 | M11: 0 | N11: 0 | O11: 0 | P11: 0 | Q11: 1 | R11: 0 | S11: 0
A12: Max_Chaos_Rodada_5_Imagem 18 | B12: 0 | C12: 0 | D12: 6 | E12: 0 | F12: 0 | G12: 2 | H12: 1 | I12: 0 | J12: 0 | K12: 2 | L12: 0 | M12: 0 | N12: 0 | O12: 0 | P12: 0 | Q12: 1 | R12: 0 | S12: 0
A13: Max_Chaos_Rodada_5_Imagem 19 | B13: 0 | C13: 0 | D13: 6 | E13: 1 | F13: 0 | G13: 1 | H13: 0 | I13: 0 | J13: 0 | K13: 2 | L13: 0 | M13: 0 | N13: 0 | O13: 0 | P13: 0 | Q13: 1 | R13: 0 | S13: 0
A14: Max_Chaos_Rodada_5_Imagem 2 | B14: 1 | C14: 0 | D14: 4 | E14: 0 | F14: 0 | G14: 2 | H14: 1 | I14: 0 | J14: 0 | K14: 1 | L14: 0 | M14: 0 | N14: 0 | O14: 0 | P14: 0 | Q14: 0 | R14: 0 | S14: 1
... A32: Max_Chaos_Rodada_5_Imagem 9 | B32: 0 | C32: 0 | D32: 8 | E32: 0 | F32: 0 | G32: 2 | H32: 0 | I32: 0 | J32: 1 | K32: 1 | L32: 0 | M32: 0 | N32: 0 | O32: 0 | P32: 0 | Q32: 1 | R32: 0 | S32: 0
A33: Total: | B33: =SUM(B3:B32) -> 17 | C33: =SUM(C3:C32) -> 12 | D33: =SUM(D3:D32) -> 137 | E33: =SUM(E3:E32) -> 14 | F33: =SUM(F3:F32) -> 0 | G33: =SUM(G3:G32) -> 47 | H33: =SUM(H3:H32) -> 15 | I33: =SUM(I3:I32) -> 0 | ... S33: =SUM(S3:S32) -> 3
A34: Precisão: | B34: =B33 / (B33 + C33) -> 0.5862069 | E34: =E33 / (E33 + F33) -> 1 | H34: =H33 / (H33 + I33) -> 1 | K34: =K33 / (K33 + L33) -> 1 | N34: =N33 / (N33 + O33) -> 1 | Q34: =Q33 / (Q33 + R33) -> 0.85714286
A35: Acurácia | B35: =B33 / (B33 + D33) -> 0.11038961 | E35: =E33 / (E33 + G33) -> 0.2295082 | H35: =H33 / (H33 + J33) -> 0.71428571 | K35: =K33 / (K33 + M33) -> 0.75675676 | N35: =N33 / (N33 + P33) -> 0.81818182 | Q35: =Q33 / (Q33 + S33) -> 0.8

Sheet resumo
B1: Parafusos | E1: Arruelas | H1: Alfinete | K1: Porta Agulhas | N1: Allis | Q1: Anatomica
B2: VP | C2: FP | D2: FN | E2: VP | F2: FP | G2: FN | H2: VP | I2: FP | J2: FN | K2: VP | L2: FP | M2: FN | N2: VP | O2: FP | P2: FN | Q2: VP | R2: FP | S2: FN
B3: =SUM('rodada 1'!B37,'rodada 2'!B35,'rodada 3'!B44,'rodada 4'!B30,'rodada 5'!B33,) -> 77 | C3: =SUM('rodada 1'!C37,'rodada 2'!C35,'rodada 3'!C44,'rodada 4'!C30,'rodada 5'!C33,) -> 61 | D3: =SUM('rodada 1'!D37,'rodada 2'!D35,'rodada 3'!D44,'rodada 4'!D30,'rodada 5'!D33,) -> 528 | E3: =SUM('rodada 1'!E37,'rodada 2'!E35,'rodada 3'!E44,'rodada 4'!E30,'rodada 5'!E33,) -> 47 | F3: =SUM('rodada 1'!F37,'rodada 2'!F35,'rodada 3'!F44,'rodada 4'!F30,'rodada 5'!F33,) -> 22 | G3: =SUM('rodada 1'!G37,'rodada 2'!G35,'rodada 3'!G44,'rodada 4'!G30,'rodada 5'!G33,) -> 157 | H3: =SUM('rodada 1'!H37,'rodada 2'!H35,'rodada 3'!H44,'rodada 4'!H30,'rodada 5'!H33,) -> 45 | I3: =SUM('rodada 1'!I37,'rodada 2'!I35,'rodada 3'!I44,'rodada 4'!I30,'rodada 5'!I33,) -> 0 | ... S3: =SUM('rodada 1'!S37,'rodada 2'!S35,'rodada 3'!S44,'rodada 4'!S30,'rodada 5'!S33,) -> 41
A4: Precisão: | B4: =B3 / (B3 + C3) -> 0.55797101 | E4: =E3 / (E3 + F3) -> 0.68115942 | H4: =H3 / (H3 + I3) -> 1 | K4: =K3 / (K3 + L3) -> 0.82733813 | N4: =N3 / (N3 + O3) -> 0.97777778 | Q4: =Q3 / (Q3 + R3) -> 0.62068966
A5: Acurácia | B5: =B3 / (B3 + D3) -> 0.12727273 | E5: =E3 / (E3 + G3) -> 0.23039216 | H5: =H3 / (H3 + J3) -> 0.4245283 | K5: =K3 / (K3 + M3) -> 0.83333333 | N5: =N3 / (N3 + P3) -> 0.53012048 | Q5: =Q3 / (Q3 + S3) -> 0.46753247
